category	web_path	web_size	web_sha	status	godot_path	godot_size	godot_sha	note
map_tile	art/v2-style/map-test/tiles/altar.png	469190	c8c90e186d4580f865915cf57fc44376067911fd	EXACT	assets/map/tiles/altar.png	469190	c8c90e186d4580f865915cf57fc44376067911fd	
map_tile	art/v2-style/map-test/tiles/basic.png	307324	134c132c2274caf0f7bd16d666d176158efadd81	EXACT	assets/map/tiles/basic.png	307324	134c132c2274caf0f7bd16d666d176158efadd81	
map_tile	art/v2-style/map-test/tiles/boss-cleared.png	5282	d9c14f81e0e67df9acdf9e84761192c2a068884c	EXACT	assets/map/tiles/boss-cleared.png	5282	d9c14f81e0e67df9acdf9e84761192c2a068884c	
map_tile	art/v2-style/map-test/tiles/boss.png	683256	3b9ee7c1aac7e5e245497be9c0b9842cfdb95924	EXACT	assets/map/tiles/boss.png	683256	3b9ee7c1aac7e5e245497be9c0b9842cfdb95924	
map_tile	art/v2-style/map-test/tiles/event.png	366335	bd2009a74b43a9399828d9d9c888133da8542ad3	EXACT	assets/map/tiles/event.png	366335	bd2009a74b43a9399828d9d9c888133da8542ad3	
map_tile	art/v2-style/map-test/tiles/forest.png	601429	158982a4208a9e81f62285e38e4b2229c58817a8	EXACT	assets/map/tiles/forest.png	601429	158982a4208a9e81f62285e38e4b2229c58817a8	
map_tile	art/v2-style/map-test/tiles/fortune-teller-camp.png	535126	bdb4ef8394795f83bb665cafc61616a674094f5d	EXACT	assets/map/tiles/fortune-teller-camp.png	535126	bdb4ef8394795f83bb665cafc61616a674094f5d	
map_tile	art/v2-style/map-test/tiles/gem.png	498360	4fc0d51e016ffd6dc83bb591c211b32aa2255507	EXACT	assets/map/tiles/gem.png	498360	4fc0d51e016ffd6dc83bb591c211b32aa2255507	
map_tile	art/v2-style/map-test/tiles/graveyard.png	370696	f03759b8607a84713f9de2e2f22bfb57d7cea8a5	EXACT	assets/map/tiles/graveyard.png	370696	f03759b8607a84713f9de2e2f22bfb57d7cea8a5	
map_tile	art/v2-style/map-test/tiles/home.png	373167	6aa73cb1ca6cb846c7fcc3aacfa30a04a0378d83	EXACT	assets/map/tiles/home.png	373167	6aa73cb1ca6cb846c7fcc3aacfa30a04a0378d83	
map_tile	art/v2-style/map-test/tiles/monster-cleared.png	2827	1177d62434014623e4985c0be33ed19935f4c364	EXACT	assets/map/tiles/monster-cleared.png	2827	1177d62434014623e4985c0be33ed19935f4c364	
map_tile	art/v2-style/map-test/tiles/monster.png	492984	0ad4ea5d9e9b3337858fdda40cc72b19b27cb22f	EXACT	assets/map/tiles/monster.png	492984	0ad4ea5d9e9b3337858fdda40cc72b19b27cb22f	
map_tile	art/v2-style/map-test/tiles/rare-monster.png	5280	956608ffb3409e659af410cdf37228914b06e4bb	EXACT	assets/map/tiles/rare-monster.png	5280	956608ffb3409e659af410cdf37228914b06e4bb	
map_tile	art/v2-style/map-test/tiles/rest.png	383109	d6bd1edcfd1969ca65ea7d103c37c5ae6e227091	EXACT	assets/map/tiles/rest.png	383109	d6bd1edcfd1969ca65ea7d103c37c5ae6e227091	
map_tile	art/v2-style/map-test/tiles/swamp.png	419338	b9b2befa1d50da72d1917878d516487571cc0d55	EXACT	assets/map/tiles/swamp.png	419338	b9b2befa1d50da72d1917878d516487571cc0d55	
map_tile	art/v2-style/map-test/tiles/unknown.png	489287	92b65c28818c202f444858b261d1c9b1efa43794	EXACT	assets/map/tiles/unknown.png	489287	92b65c28818c202f444858b261d1c9b1efa43794	
map_tile	art/v2-style/map-test/tiles/village.png	454107	ca7e8fdec95554fba54fb95e9dfdec80432bd201	EXACT	assets/map/tiles/village.png	454107	ca7e8fdec95554fba54fb95e9dfdec80432bd201	
map_tile	art/v2-style/map-test/tiles/warp.png	517363	3fedb7fc6a0a16f393a9f98a5236d9545ffa2c54	EXACT	assets/map/tiles/warp.png	517363	3fedb7fc6a0a16f393a9f98a5236d9545ffa2c54	
map_tile	art/v2-style/map-test/tiles/rare-monster-cleared.png	3831	219f359b3be64bcbf20b3f51c1e9d45361f4705b	FALLBACK	assets/map/tiles/monster-cleared.png	2827	1177d62434014623e4985c0be33ed19935f4c364	웹 원본 PNG 손상 기록 때문에 일반 마물 처치 이미지를 공용 사용.
place_asset	art/v2-style/map-test/events/altar-ritual-info.png	744105	9a79b5fd8abb22ddd5664dd0ebcf6dcbffa31bdd	EXACT	assets/map/events/altar-ritual-info.png	744105	9a79b5fd8abb22ddd5664dd0ebcf6dcbffa31bdd	동일 파일명 Godot 대응.
place_asset	art/v2-style/map-test/events/altar-ritual-slots.png	945849	bb71e599c7f3a5e5c291088135a983021c0180d9	EXACT	assets/map/events/altar-ritual-slots.png	945849	bb71e599c7f3a5e5c291088135a983021c0180d9	동일 파일명 Godot 대응.
place_asset	art/v2-style/map-test/events/altar.jpg	128225	31212b0b22ba29f6f4703a630f64d237336e121e	UPDATED	assets/map/events/altar.jpg	252740	8ac0a1cd4ba270326030163b4bbdc4a3476338d5	동일 파일명 Godot 대응.
place_asset	art/v2-style/map-test/events/camp.jpg	153832	4b39892b58855a73ecdc7d5c624a34caa7f8fed2	UPDATED	assets/map/events/camp.jpg	252753	54463d0f161b5087b6ac6cedd5bc26004b72fa93	동일 파일명 Godot 대응.
place_asset	art/v2-style/map-test/events/enter-parchment.png	1547286	03cb347d5c2ccec4779706f59167299971af0c8d	EXACT	assets/map/events/enter-parchment.png	1547286	03cb347d5c2ccec4779706f59167299971af0c8d	동일 파일명 Godot 대응.
place_asset	art/v2-style/map-test/events/exit-parchment.png	1326543	fc6524dc1096f731a214fee6fe86620778c7f0b1	EXACT	assets/map/events/exit-parchment.png	1326543	fc6524dc1096f731a214fee6fe86620778c7f0b1	동일 파일명 Godot 대응.
place_asset	art/v2-style/map-test/events/forest.jpg	135954	16058b4802a7a4bbc433e432ff1d084fce4bb58e	UPDATED	assets/map/events/forest.jpg	273789	7117985a8dd1cbaad04d7a8d96870e9446abc73e	동일 파일명 Godot 대응.
place_asset	art/v2-style/map-test/events/fortune-teller.jpg	186833	8faf87019c1b44602d361a9fa827ec42c32b8ff6	EXACT	assets/map/events/fortune-teller.jpg	186833	8faf87019c1b44602d361a9fa827ec42c32b8ff6	동일 파일명 Godot 대응.
place_asset	art/v2-style/map-test/events/graveyard.jpg	157467	65203853b79b0166a0164036331f7b467c5f4cd8	UPDATED	assets/map/events/graveyard.jpg	323393	104d532e6e636a481af2686508e1893d5b210559	동일 파일명 Godot 대응.
place_asset	art/v2-style/map-test/events/home-interior.jpg	187421	ed966e554b6ba66cdf9435e350824ee68ca2f847	EXACT	assets/map/events/home-interior.jpg	187421	ed966e554b6ba66cdf9435e350824ee68ca2f847	동일 파일명 Godot 대응.
place_asset	art/v2-style/map-test/events/home.jpg	150528	237e96fd9c822deaa37f254c0580ac79511ab41c	UPDATED	assets/map/events/home.jpg	954098	616260406a18488f0d7a7e4a0c5772df946717de	동일 파일명 Godot 대응.
place_asset	art/v2-style/map-test/events/inheritance-board.png	907932	cc25721cac5b93c8c9eb454466e7b1be6e79fa82	EXACT	assets/map/events/inheritance-board.png	907932	cc25721cac5b93c8c9eb454466e7b1be6e79fa82	동일 파일명 Godot 대응.
place_asset	art/v2-style/map-test/events/treasure-chest-frame-1.png	151880	85002b8bec41ac100d1d9f6965f0be5dfc66611a	EXACT	assets/map/events/treasure-chest-frame-1.png	151880	85002b8bec41ac100d1d9f6965f0be5dfc66611a	동일 파일명 Godot 대응.
place_asset	art/v2-style/map-test/events/treasure-chest-frame-2.png	174685	b60903594b70b00cb67cff84df16e2e90f1ff372	EXACT	assets/map/events/treasure-chest-frame-2.png	174685	b60903594b70b00cb67cff84df16e2e90f1ff372	동일 파일명 Godot 대응.
place_asset	art/v2-style/map-test/events/treasure-chest-frame-3.png	217545	ed30c41cc98ef8d84673cabe785d5694f6d1f3e0	EXACT	assets/map/events/treasure-chest-frame-3.png	217545	ed30c41cc98ef8d84673cabe785d5694f6d1f3e0	동일 파일명 Godot 대응.
place_asset	art/v2-style/map-test/events/treasure-chest-frame-4.png	297205	830a27ea62ce4ab46ccf7b9f5ac5e711948050a7	EXACT	assets/map/events/treasure-chest-frame-4.png	297205	830a27ea62ce4ab46ccf7b9f5ac5e711948050a7	동일 파일명 Godot 대응.
place_asset	art/v2-style/map-test/events/village.jpg	190526	ed38c80f8da8da2e0f0c953d409f50ff20873a9c	UPDATED	assets/map/events/village.jpg	316884	517e7d2a5e77d8378f1d74f1e7fb5a4332ab4f99	동일 파일명 Godot 대응.
place_asset	art/v2-style/map-test/events/world-tree.jpg	73659	709fb686ae95ecc0fde761601157a73795acfb9a	UPDATED	assets/map/events/world-tree.jpg	317910	676ab15ac3547c7d0b61c728d41e50ef8d7b630a	동일 파일명 Godot 대응.
map_background	art/v2-style/map-test/maps/default-map.jpg	197103	da6f68d5b5e2ff802ed57094dd2cad6304ae4a01	EXACT	assets/map/maps/default-map.jpg	197103	da6f68d5b5e2ff802ed57094dd2cad6304ae4a01	
unit_card	art/v2-style/ui/unit-card-abyss-claw-hunter.png	1262453	ea884f0a34022880b7714769661ff3c6552e98cf	EXACT	assets/cards/unit-card-abyss-claw-hunter.png	1262453	ea884f0a34022880b7714769661ff3c6552e98cf	
unit_card	art/v2-style/ui/unit-card-abyss-eye.png	1308987	5f3bd17d83b5e55e53a3cfbbda465952dcfb706f	EXACT	assets/cards/unit-card-abyss-eye.png	1308987	5f3bd17d83b5e55e53a3cfbbda465952dcfb706f	
unit_card	art/v2-style/ui/unit-card-abyss-harpy.png	1506373	a90bc969571136a243392e46d7a08aba98f7fb9a	EXACT	assets/cards/unit-card-abyss-harpy.png	1506373	a90bc969571136a243392e46d7a08aba98f7fb9a	
unit_card	art/v2-style/ui/unit-card-ancient-treant.png	1267822	0da066ed7e6c2e78b9c120466c167695641952f2	EXACT	assets/cards/unit-card-ancient-treant.png	1267822	0da066ed7e6c2e78b9c120466c167695641952f2	
unit_card	art/v2-style/ui/unit-card-bone-golem.png	1177208	6727bbe3f946433685f030b99f31ae54c84e73c0	EXACT	assets/cards/unit-card-bone-golem.png	1177208	6727bbe3f946433685f030b99f31ae54c84e73c0	
unit_card	art/v2-style/ui/unit-card-bone-hound.png	1284508	d85c482ed86ca382106472914287d2d833d73de6	EXACT	assets/cards/unit-card-bone-hound.png	1284508	d85c482ed86ca382106472914287d2d833d73de6	
unit_card	art/v2-style/ui/unit-card-boulder-ogre.png	1036716	af6318da1f0d48127fa8ee27869f85d697a26c17	EXACT	assets/cards/unit-card-boulder-ogre.png	1036716	af6318da1f0d48127fa8ee27869f85d697a26c17	
unit_card	art/v2-style/ui/unit-card-cerberus.png	1123991	0fc5c318475ed9d2be99387df9efb9d39b962ab0	EXACT	assets/cards/unit-card-cerberus.png	1123991	0fc5c318475ed9d2be99387df9efb9d39b962ab0	
unit_card	art/v2-style/ui/unit-card-corpse-slime.png	1373246	d55182fdfb9d27799bd50a3126dcebb1f6c8f737	EXACT	assets/cards/unit-card-corpse-slime.png	1373246	d55182fdfb9d27799bd50a3126dcebb1f6c8f737	
unit_card	art/v2-style/ui/unit-card-crystal-devourer.png	1096128	8475d0d8e336426fa483d12b77f47d52b6966575	EXACT	assets/cards/unit-card-crystal-devourer.png	1096128	8475d0d8e336426fa483d12b77f47d52b6966575	
unit_card	art/v2-style/ui/unit-card-death-knight.png	1023950	fbb84fced68881bddb50f1a1594afc68f64040aa	EXACT	assets/cards/unit-card-death-knight.png	1023950	fbb84fced68881bddb50f1a1594afc68f64040aa	
unit_card	art/v2-style/ui/unit-card-doom-executor.png	1171341	6e08ce5fb0ee42afecfd9239e3b9e7241316bd6d	EXACT	assets/cards/unit-card-doom-executor.png	1171341	6e08ce5fb0ee42afecfd9239e3b9e7241316bd6d	
unit_card	art/v2-style/ui/unit-card-flesh-golem.png	1171858	5b8926babaa1da8dc73941c691998df3e0723ccd	EXACT	assets/cards/unit-card-flesh-golem.png	1171858	5b8926babaa1da8dc73941c691998df3e0723ccd	
unit_card	art/v2-style/ui/unit-card-forest-fairy.png	1084565	020bc48a3f9b40d2b6f1dc32244c3cb3952500d7	EXACT	assets/cards/unit-card-forest-fairy.png	1084565	020bc48a3f9b40d2b6f1dc32244c3cb3952500d7	
unit_card	art/v2-style/ui/unit-card-ghoul.png	1073651	2e6c13facc91c6c74020327e4b8e683750a08d3e	EXACT	assets/cards/unit-card-ghoul.png	1073651	2e6c13facc91c6c74020327e4b8e683750a08d3e	
unit_card	art/v2-style/ui/unit-card-goblin-chief.png	1081349	e8fc2514036b0d98405edd303769c2b31a0129dd	EXACT	assets/cards/unit-card-goblin-chief.png	1081349	e8fc2514036b0d98405edd303769c2b31a0129dd	
unit_card	art/v2-style/ui/unit-card-goblin-commoner.png	1156916	98d4626f2eb124c7ce337fdf3dad9055577409c9	EXACT	assets/cards/unit-card-goblin-commoner.png	1156916	98d4626f2eb124c7ce337fdf3dad9055577409c9	
unit_card	art/v2-style/ui/unit-card-goblin-rider.png	1126971	009963fc6941abe900579b46b1baecd11a6c6086	EXACT	assets/cards/unit-card-goblin-rider.png	1126971	009963fc6941abe900579b46b1baecd11a6c6086	
unit_card	art/v2-style/ui/unit-card-goblin-soldier.png	1156247	960ec78ad675eb7a946ce6f15fbd3d861e862221	EXACT	assets/cards/unit-card-goblin-soldier.png	1156247	960ec78ad675eb7a946ce6f15fbd3d861e862221	
unit_card	art/v2-style/ui/unit-card-grave-priest.png	943630	80ed352a56d5c031f812d4f041ccdf87fdb87810	EXACT	assets/cards/unit-card-grave-priest.png	943630	80ed352a56d5c031f812d4f041ccdf87fdb87810	
unit_card	art/v2-style/ui/unit-card-grave-worm.png	914546	27a1ab1990cbaedfab264b001fb98f73adb9f159	EXACT	assets/cards/unit-card-grave-worm.png	914546	27a1ab1990cbaedfab264b001fb98f73adb9f159	
unit_card	art/v2-style/ui/unit-card-guardian-seed.png	1085055	621e4bbea57b7e855632d82ac7a4d13de6e94edf	EXACT	assets/cards/unit-card-guardian-seed.png	1085055	621e4bbea57b7e855632d82ac7a4d13de6e94edf	
unit_card	art/v2-style/ui/unit-card-hell-mantis.png	1149803	be8d9e42172c90973001d12d836776a15698bc9a	EXACT	assets/cards/unit-card-hell-mantis.png	1149803	be8d9e42172c90973001d12d836776a15698bc9a	
unit_card	art/v2-style/ui/unit-card-hydra.png	1148354	a74b029ade013d31faf7a0d5040299b21b72b6a7	EXACT	assets/cards/unit-card-hydra.png	1148354	a74b029ade013d31faf7a0d5040299b21b72b6a7	
unit_card	art/v2-style/ui/unit-card-ice-lord.png	1251899	abbaf14d27a8b29c418f1cceb211b1d0bf86fa14	EXACT	assets/cards/unit-card-ice-lord.png	1251899	abbaf14d27a8b29c418f1cceb211b1d0bf86fa14	
unit_card	art/v2-style/ui/unit-card-ice-princess.png	1138111	2686f96e23ab53b4a141f440bb646a9e291ac72b	EXACT	assets/cards/unit-card-ice-princess.png	1138111	2686f96e23ab53b4a141f440bb646a9e291ac72b	
unit_card	art/v2-style/ui/unit-card-kraken.png	1232900	0fe7161deefb571849cf5d147703fb4e1155cbfb	EXACT	assets/cards/unit-card-kraken.png	1232900	0fe7161deefb571849cf5d147703fb4e1155cbfb	
unit_card	art/v2-style/ui/unit-card-mimic.png	1358993	402435bb4b9d8ecb24526272eb7dda0dac27161a	EXACT	assets/cards/unit-card-mimic.png	1358993	402435bb4b9d8ecb24526272eb7dda0dac27161a	
unit_card	art/v2-style/ui/unit-card-minotaur.png	1077735	98b5346412b3b494149f5e75b76f21c60fcdc1a9	EXACT	assets/cards/unit-card-minotaur.png	1077735	98b5346412b3b494149f5e75b76f21c60fcdc1a9	
unit_card	art/v2-style/ui/unit-card-mummy-guardian.png	1246528	17d056718854effbd06357566c9092c57738deb4	EXACT	assets/cards/unit-card-mummy-guardian.png	1246528	17d056718854effbd06357566c9092c57738deb4	
unit_card	art/v2-style/ui/unit-card-mushroom-soldier.png	1221311	47164bcca714be43b2c7754ad990e238e6541416	EXACT	assets/cards/unit-card-mushroom-soldier.png	1221311	47164bcca714be43b2c7754ad990e238e6541416	
unit_card	art/v2-style/ui/unit-card-orc-warrior.png	1104408	df0f5c76769f5ca3f0e18caab1482edf2925f0e8	EXACT	assets/cards/unit-card-orc-warrior.png	1104408	df0f5c76769f5ca3f0e18caab1482edf2925f0e8	
unit_card	art/v2-style/ui/unit-card-plague-doctor.png	1191779	dd50bae8555165794070b0520d03dce7426fd5f8	EXACT	assets/cards/unit-card-plague-doctor.png	1191779	dd50bae8555165794070b0520d03dce7426fd5f8	
unit_card	art/v2-style/ui/unit-card-plague-frog.png	1333594	bd8609bdc730864c252ec0a7c6db5f3db086e9ae	EXACT	assets/cards/unit-card-plague-frog.png	1333594	bd8609bdc730864c252ec0a7c6db5f3db086e9ae	
unit_card	art/v2-style/ui/unit-card-raging-treant.png	891313	1cacf157223e39fa119e78f755a9031fd57c49e5	EXACT	assets/cards/unit-card-raging-treant.png	891313	1cacf157223e39fa119e78f755a9031fd57c49e5	
unit_card	art/v2-style/ui/unit-card-scorpion-knight.png	1027649	a48e24fecf0a875531330533612420c3b9e9af04	EXACT	assets/cards/unit-card-scorpion-knight.png	1027649	a48e24fecf0a875531330533612420c3b9e9af04	
unit_card	art/v2-style/ui/unit-card-sea-wolf.png	1127351	e866fefc784b956cd681741dcefd1281c5297a24	EXACT	assets/cards/unit-card-sea-wolf.png	1127351	e866fefc784b956cd681741dcefd1281c5297a24	
unit_card	art/v2-style/ui/unit-card-siren.png	1464078	a196b86d73182f74d5e9a09a5b754b918e6e1931	EXACT	assets/cards/unit-card-siren.png	1464078	a196b86d73182f74d5e9a09a5b754b918e6e1931	
unit_card	art/v2-style/ui/unit-card-skeleton-archer.png	1008544	ee585a9a5324a4e7634a0a2ee95e1123271463ae	EXACT	assets/cards/unit-card-skeleton-archer.png	1008544	ee585a9a5324a4e7634a0a2ee95e1123271463ae	
unit_card	art/v2-style/ui/unit-card-skeleton-cavalry.png	1180346	e5bf9056e76de4a1ee0747efe30f6c8d99effa60	EXACT	assets/cards/unit-card-skeleton-cavalry.png	1180346	e5bf9056e76de4a1ee0747efe30f6c8d99effa60	
unit_card	art/v2-style/ui/unit-card-skeleton-spear.png	1084758	e7c1b886c3c549b129452ecc6d66f3c1d96f283a	EXACT	assets/cards/unit-card-skeleton-spear.png	1084758	e7c1b886c3c549b129452ecc6d66f3c1d96f283a	
unit_card	art/v2-style/ui/unit-card-soul-reaper.png	1245688	4f6a6c1d7e11048b3c13e37ef0f71463607e7c97	EXACT	assets/cards/unit-card-soul-reaper.png	1245688	4f6a6c1d7e11048b3c13e37ef0f71463607e7c97	
unit_card	art/v2-style/ui/unit-card-spider-knight.png	1102072	8d3a69735f31e61e98499922829fa3278c48e2c3	EXACT	assets/cards/unit-card-spider-knight.png	1102072	8d3a69735f31e61e98499922829fa3278c48e2c3	
unit_card	art/v2-style/ui/unit-card-spiderling.png	1140192	9533dbae5dd295a9a49e505393b524703c6aed1b	EXACT	assets/cards/unit-card-spiderling.png	1140192	9533dbae5dd295a9a49e505393b524703c6aed1b	
unit_card	art/v2-style/ui/unit-card-stone-golem.png	1189263	eedb8b6fb770f01e948967965f10dda22406bbdf	EXACT	assets/cards/unit-card-stone-golem.png	1189263	eedb8b6fb770f01e948967965f10dda22406bbdf	
unit_card	art/v2-style/ui/unit-card-yeti.png	1294942	2cd451bc4c43940c803cbab78f57b8119249b2c5	EXACT	assets/cards/unit-card-yeti.png	1294942	2cd451bc4c43940c803cbab78f57b8119249b2c5	
dice_card	art/v2-style/ui/dice-control-ko-1.png	2167317	821623164f7e481e7ede452aae0d48e88d1c8cfa	EXACT	assets/cards/dice-control-ko-1.png	2167317	821623164f7e481e7ede452aae0d48e88d1c8cfa	
dice_card	art/v2-style/ui/dice-control-ko-2.png	2216532	2bc949289138f8d7f76393cb13f4f0ad6b54b63a	EXACT	assets/cards/dice-control-ko-2.png	2216532	2bc949289138f8d7f76393cb13f4f0ad6b54b63a	
dice_card	art/v2-style/ui/dice-control-ko-3.png	2091718	99ad789f03fcaea9b90d2f4e27ff395d52a3a594	EXACT	assets/cards/dice-control-ko-3.png	2091718	99ad789f03fcaea9b90d2f4e27ff395d52a3a594	
dice_card	art/v2-style/ui/dice-control-ko-4.png	2316830	3c14eff44d7eb830d22a8aa257b9e2488392ae79	EXACT	assets/cards/dice-control-ko-4.png	2316830	3c14eff44d7eb830d22a8aa257b9e2488392ae79	
dice_card	art/v2-style/ui/dice-control-ko-5.png	2153023	069bd5269f1e017a0e176e881fb2ddc1ab2f6286	EXACT	assets/cards/dice-control-ko-5.png	2153023	069bd5269f1e017a0e176e881fb2ddc1ab2f6286	
dice_card	art/v2-style/ui/dice-control-ko-6.png	2292302	e39ec487197e0a20689d5b040deb5353d2254eef	EXACT	assets/cards/dice-control-ko-6.png	2292302	e39ec487197e0a20689d5b040deb5353d2254eef	
dice_card	art/v2-style/ui/dice-control-ko-echo.png	2566789	3faa1621af355d483a1fea35b5297bd238edacab	EXACT	assets/cards/dice-control-ko-echo.png	2566789	3faa1621af355d483a1fea35b5297bd238edacab	
dice_card	art/v2-style/ui/dice-control-ko-even.png	2264676	2c9cb4e36b8cabc29a1b5a96ed3055c2096883f2	EXACT	assets/cards/dice-control-ko-even.png	2264676	2c9cb4e36b8cabc29a1b5a96ed3055c2096883f2	
dice_card	art/v2-style/ui/dice-control-ko-exclude-1.png	2445666	f86099cadefaa13afb573252a13ad435f5ed4a02	EXACT	assets/cards/dice-control-ko-exclude-1.png	2445666	f86099cadefaa13afb573252a13ad435f5ed4a02	
dice_card	art/v2-style/ui/dice-control-ko-exclude-2.png	2278701	854f2d53246c79be42280b2952f08146f5b2dc23	EXACT	assets/cards/dice-control-ko-exclude-2.png	2278701	854f2d53246c79be42280b2952f08146f5b2dc23	
dice_card	art/v2-style/ui/dice-control-ko-exclude-3.png	2483553	9a30707f41c0a973a69bc2978be52e6066e547af	EXACT	assets/cards/dice-control-ko-exclude-3.png	2483553	9a30707f41c0a973a69bc2978be52e6066e547af	
dice_card	art/v2-style/ui/dice-control-ko-exclude-4.png	2380385	cc54dff011548e901a56480f3880bef64be62d5b	EXACT	assets/cards/dice-control-ko-exclude-4.png	2380385	cc54dff011548e901a56480f3880bef64be62d5b	
dice_card	art/v2-style/ui/dice-control-ko-exclude-5.png	2271245	7412871a0aa363ebfab1296667510917afd49fd6	EXACT	assets/cards/dice-control-ko-exclude-5.png	2271245	7412871a0aa363ebfab1296667510917afd49fd6	
dice_card	art/v2-style/ui/dice-control-ko-exclude-6.png	2333460	86617bb0b9ed9b0f7fe8ab679c3caef1296f40d3	EXACT	assets/cards/dice-control-ko-exclude-6.png	2333460	86617bb0b9ed9b0f7fe8ab679c3caef1296f40d3	
dice_card	art/v2-style/ui/dice-control-ko-high.png	2450654	881985d51316ffa437331431a232a4a7046bb0f4	EXACT	assets/cards/dice-control-ko-high.png	2450654	881985d51316ffa437331431a232a4a7046bb0f4	
dice_card	art/v2-style/ui/dice-control-ko-low.png	2198326	a83b931d1ed15920c5bac8ad84340ca25d4317ea	EXACT	assets/cards/dice-control-ko-low.png	2198326	a83b931d1ed15920c5bac8ad84340ca25d4317ea	
dice_card	art/v2-style/ui/dice-control-ko-odd.png	2266994	8d073677d3d4b4709cc497fde93b6e11e91010c2	EXACT	assets/cards/dice-control-ko-odd.png	2266994	8d073677d3d4b4709cc497fde93b6e11e91010c2	
dice_card	art/v2-style/ui/dice-control-ko-repeat.png	2591926	24b939059016fc4cf517ce297a422f33dd32e777	EXACT	assets/cards/dice-control-ko-repeat.png	2591926	24b939059016fc4cf517ce297a422f33dd32e777	
brand_card	art/v2-style/ui/brand-card.png	195677	3ca86a8da6ca8ec12735a3ef5f3279c22a516938	EXACT	assets/cards/brand-card.png	195677	3ca86a8da6ca8ec12735a3ef5f3279c22a516938	
battle_frame	art/v2-style/animation-test-frames/abyss-claw-hunter/attack-01.png	104708	d7f8670803fd7b762bdc42fb2bd940e87e08c447	EXACT	assets/battle/frames/abyss-claw-hunter/attack-01.png	104708	d7f8670803fd7b762bdc42fb2bd940e87e08c447	경로별 프레임 대응.
battle_frame	art/v2-style/animation-test-frames/abyss-claw-hunter/attack-02.png	79049	5a69325d02a73dd06c308d979264dd77ae881b63	EXACT	assets/battle/frames/abyss-claw-hunter/attack-02.png	79049	5a69325d02a73dd06c308d979264dd77ae881b63	경로별 프레임 대응.
battle_frame	art/v2-style/animation-test-frames/abyss-claw-hunter/attack-03.png	93064	37af2da6881aff961f18e71c34aeb14b2fcebbd7	EXACT	assets/battle/frames/abyss-claw-hunter/attack-03.png	93064	37af2da6881aff961f18e71c34aeb14b2fcebbd7	경로별 프레임 대응.
battle_frame	art/v2-style/animation-test-frames/abyss-claw-hunter/attack-04.png	79803	38b75c43527d3317b403ec61449df0ca3b60ebe4	EXACT	assets/battle/frames/abyss-claw-hunter/attack-04.png	79803	38b75c43527d3317b403ec61449df0ca3b60ebe4	경로별 프레임 대응.
battle_frame	art/v2-style/animation-test-frames/abyss-claw-hunter/attack-05.png	100275	c13cab04af413e2fbc4b1a28eae411f967483168	EXACT	assets/battle/frames/abyss-claw-hunter/attack-05.png	100275	c13cab04af413e2fbc4b1a28eae411f967483168	경로별 프레임 대응.
battle_frame	art/v2-style/animation-test-frames/abyss-claw-hunter/death-01.png	100459	184ef2274e5e0d3195f93dbbc6d65ea27d877d94	EXACT	assets/battle/frames/abyss-claw-hunter/death-01.png	100459	184ef2274e5e0d3195f93dbbc6d65ea27d877d94	경로별 프레임 대응.
battle_frame	art/v2-style/animation-test-frames/abyss-claw-hunter/death-02.png	102742	f69d8f026db9f3ad20e3427f9ab4f03d80db9c08	EXACT	assets/battle/frames/abyss-claw-hunter/death-02.png	102742	f69d8f026db9f3ad20e3427f9ab4f03d80db9c08	경로별 프레임 대응.
battle_frame	art/v2-style/animation-test-frames/abyss-claw-hunter/death-03.png	71596	eb3d0be2b575d6ea7f611489a050374ce86a3270	EXACT	assets/battle/frames/abyss-claw-hunter/death-03.png	71596	eb3d0be2b575d6ea7f611489a050374ce86a3270	경로별 프레임 대응.
battle_frame	art/v2-style/animation-test-frames/abyss-claw-hunter/death-04.png	76482	1b900b977776ec1b7b96dd68cde83f8b93974a71	EXACT	assets/battle/frames/abyss-claw-hunter/death-04.png	76482	1b900b977776ec1b7b96dd68cde83f8b93974a71	경로별 프레임 대응.
battle_frame	art/v2-style/animation-test-frames/abyss-claw-hunter/death-05.png	48667	3a0dc07bbaa0a808a946cd27876c263c592a6e5d	EXACT	assets/battle/frames/abyss-claw-hunter/death-05.png	48667	3a0dc07bbaa0a808a946cd27876c263c592a6e5d	경로별 프레임 대응.
battle_frame	art/v2-style/animation-test-frames/abyss-claw-hunter/hit-01.png	95827	fcc2c4a8a325a50faf67a14e49ecf72944cbc6ee	EXACT	assets/battle/frames/abyss-claw-hunter/hit-01.png	95827	fcc2c4a8a325a50faf67a14e49ecf72944cbc6ee	경로별 프레임 대응.
battle_frame	art/v2-style/animation-test-frames/abyss-claw-hunter/hit-02.png	94321	7e9efad014cdee1ae423904ea9471eea3b2c20b0	EXACT	assets/battle/frames/abyss-claw-hunter/hit-02.png	94321	7e9efad014cdee1ae423904ea9471eea3b2c20b0	경로별 프레임 대응.
battle_frame	art/v2-style/animation-test-frames/abyss-claw-hunter/hit-03.png	96842	059b749b7e8a0f26961629eb6f63ca47cf614693	EXACT	assets/battle/frames/abyss-claw-hunter/hit-03.png	96842	059b749b7e8a0f26961629eb6f63ca47cf614693	경로별 프레임 대응.
battle_frame	art/v2-style/animation-test-frames/abyss-claw-hunter/hit-04.png	97117	caf07713a7d3321f54bfa3678c37078a61d6a7e6	EXACT	assets/battle/frames/abyss-claw-hunter/hit-04.png	97117	caf07713a7d3321f54bfa3678c37078a61d6a7e6	경로별 프레임 대응.
battle_frame	art/v2-style/animation-test-frames/abyss-eye/attack-01.png	29318	527181730e4e63520e7f5ec0278c536a1b50b011	EXACT	assets/battle/frames/abyss-eye/attack-01.png	29318	527181730e4e63520e7f5ec0278c536a1b50b011	경로별 프레임 대응.
battle_frame	art/v2-style/animation-test-frames/abyss-eye/attack-02.png	30594	aa367f02a510c5e11683f74f4b3567e3def89fdd	EXACT	assets/battle/frames/abyss-eye/attack-02.png	30594	aa367f02a510c5e11683f74f4b3567e3def89fdd	경로별 프레임 대응.
battle_frame	art/v2-style/animation-test-frames/abyss-eye/attack-03.png	32665	5f4f9ba444405a6428b00f53998cb30a5de2e13f	EXACT	assets/battle/frames/abyss-eye/attack-03.png	32665	5f4f9ba444405a6428b00f53998cb30a5de2e13f	경로별 프레임 대응.
battle_frame	art/v2-style/animation-test-frames/abyss-eye/attack-04.png	32981	c71b83e2b7d87d43f9741d47dc0e7f5e9a6ea060	EXACT	assets/battle/frames/abyss-eye/attack-04.png	32981	c71b83e2b7d87d43f9741d47dc0e7f5e9a6ea060	경로별 프레임 대응.
battle_frame	art/v2-style/animation-test-frames/abyss-eye/attack-05.png	29389	936adb0c88cd6d5ff35e3da3ca6eb0ebf4f6fc7d	EXACT	assets/battle/frames/abyss-eye/attack-05.png	29389	936adb0c88cd6d5ff35e3da3ca6eb0ebf4f6fc7d	경로별 프레임 대응.
battle_frame	art/v2-style/animation-test-frames/abyss-eye/death-01.png	24926	805feaa4a26d70d14ee9b9053455e3ad1f1f68ab	EXACT	assets/battle/frames/abyss-eye/death-01.png	24926	805feaa4a26d70d14ee9b9053455e3ad1f1f68ab	경로별 프레임 대응.
battle_frame	art/v2-style/animation-test-frames/abyss-eye/death-02.png	26068	e60ed17dc690be3982ec6a3b4bd433a8ca4de813	EXACT	assets/battle/frames/abyss-eye/death-02.png	26068	e60ed17dc690be3982ec6a3b4bd433a8ca4de813	경로별 프레임 대응.
battle_frame	art/v2-style/animation-test-frames/abyss-eye/death-03.png	24008	14e069b1ffb5d9fc87bf3af9afb1f532c2a55513	EXACT	assets/battle/frames/abyss-eye/death-03.png	24008	14e069b1ffb5d9fc87bf3af9afb1f532c2a55513	경로별 프레임 대응.
battle_frame	art/v2-style/animation-test-frames/abyss-eye/death-04.png	20690	f321a2e368e35a9ab5571ccbd2fc0d5a86141f27	EXACT	assets/battle/frames/abyss-eye/death-04.png	20690	f321a2e368e35a9ab5571ccbd2fc0d5a86141f27	경로별 프레임 대응.
battle_frame	art/v2-style/animation-test-frames/abyss-eye/death-05.png	18590	37454d1329f67ed08ca1dc8325d697ad921b60a3	EXACT	assets/battle/frames/abyss-eye/death-05.png	18590	37454d1329f67ed08ca1dc8325d697ad921b60a3	경로별 프레임 대응.
battle_frame	art/v2-style/animation-test-frames/abyss-eye/death-06.png	22484	f7132ca1c0693fc59ca137831a7ae8d295d6b79c	EXACT	assets/battle/frames/abyss-eye/death-06.png	22484	f7132ca1c0693fc59ca137831a7ae8d295d6b79c	경로별 프레임 대응.
battle_frame	art/v2-style/animation-test-frames/abyss-eye/hit-01.png	28406	b23f7db95fce22ad4e966f329cd951252085b184	EXACT	assets/battle/frames/abyss-eye/hit-01.png	28406	b23f7db95fce22ad4e966f329cd951252085b184	경로별 프레임 대응.
battle_frame	art/v2-style/animation-test-frames/abyss-eye/hit-02.png	28414	f6874309ebeb2a2a226a08c9a10dc214ededa27c	EXACT	assets/battle/frames/abyss-eye/hit-02.png	28414	f6874309ebeb2a2a226a08c9a10dc214ededa27c	경로별 프레임 대응.
battle_frame	art/v2-style/animation-test-frames/abyss-eye/hit-03.png	27634	39bc6bdd82bfdb31f88800ef0e478821867307a5	EXACT	assets/battle/frames/abyss-eye/hit-03.png	27634	39bc6bdd82bfdb31f88800ef0e478821867307a5	경로별 프레임 대응.
battle_frame	art/v2-style/animation-test-frames/abyss-eye/hit-04.png	26929	340cfa20773869fd8a0d5804c441fd93688c272a	EXACT	assets/battle/frames/abyss-eye/hit-04.png	26929	340cfa20773869fd8a0d5804c441fd93688c272a	경로별 프레임 대응.
battle_frame	art/v2-style/animation-test-frames/ancient-treant/attack-01.png	39486	32ed324ad5bfd216d3667e58866bc1ff9abab88d	EXACT	assets/battle/frames/ancient-treant/attack-01.png	39486	32ed324ad5bfd216d3667e58866bc1ff9abab88d	경로별 프레임 대응.
battle_frame	art/v2-style/animation-test-frames/ancient-treant/attack-02.png	45136	a430a3df6d6fc0db96396608f5f7d7df3f842df1	EXACT	assets/battle/frames/ancient-treant/attack-02.png	45136	a430a3df6d6fc0db96396608f5f7d7df3f842df1	경로별 프레임 대응.
battle_frame	art/v2-style/animation-test-frames/ancient-treant/attack-03.png	41106	e061b1a4308d8211ff66513bc475d0a51f5aa621	EXACT	assets/battle/frames/ancient-treant/attack-03.png	41106	e061b1a4308d8211ff66513bc475d0a51f5aa621	경로별 프레임 대응.
battle_frame	art/v2-style/animation-test-frames/ancient-treant/attack-04.png	38698	44a1eee16df2fdc7f12d620baa6a5d30de08495d	EXACT	assets/battle/frames/ancient-treant/attack-04.png	38698	44a1eee16df2fdc7f12d620baa6a5d30de08495d	경로별 프레임 대응.
battle_frame	art/v2-style/animation-test-frames/ancient-treant/attack-05.png	44336	4558d9c34cbbca277d190a32e0890bcb2797fbfa	EXACT	assets/battle/frames/ancient-treant/attack-05.png	44336	4558d9c34cbbca277d190a32e0890bcb2797fbfa	경로별 프레임 대응.
battle_frame	art/v2-style/animation-test-frames/ancient-treant/death-01.png	32332	e059b7492f44abb625aabbc0be616f58fb7338f9	EXACT	assets/battle/frames/ancient-treant/death-01.png	32332	e059b7492f44abb625aabbc0be616f58fb7338f9	경로별 프레임 대응.
battle_frame	art/v2-style/animation-test-frames/ancient-treant/death-02.png	32517	16eec75cf0c1339ec154354ff15f143d27123f74	EXACT	assets/battle/frames/ancient-treant/death-02.png	32517	16eec75cf0c1339ec154354ff15f143d27123f74	경로별 프레임 대응.
battle_frame	art/v2-style/animation-test-frames/ancient-treant/death-03.png	30925	737b329f5796b8fc03043340da1a845cafeb02af	EXACT	assets/battle/frames/ancient-treant/death-03.png	30925	737b329f5796b8fc03043340da1a845cafeb02af	경로별 프레임 대응.
battle_frame	art/v2-style/animation-test-frames/ancient-treant/death-04.png	29646	e9023bf198cd818500840328e88a74a176e40ae4	EXACT	assets/battle/frames/ancient-treant/death-04.png	29646	e9023bf198cd818500840328e88a74a176e40ae4	경로별 프레임 대응.
battle_frame	art/v2-style/animation-test-frames/ancient-treant/death-05.png	24331	1bc46791f3e6a90702b00a90b6a98de023685b22	EXACT	assets/battle/frames/ancient-treant/death-05.png	24331	1bc46791f3e6a90702b00a90b6a98de023685b22	경로별 프레임 대응.
battle_frame	art/v2-style/animation-test-frames/ancient-treant/death-06.png	24759	bca41cb89c9b944690fe67edccac79c6534928b6	EXACT	assets/battle/frames/ancient-treant/death-06.png	24759	bca41cb89c9b944690fe67edccac79c6534928b6	경로별 프레임 대응.
battle_frame	art/v2-style/animation-test-frames/ancient-treant/hit-01.png	36965	15fa42500c1dffa0fd37e9247611e2aaf8f3d99e	EXACT	assets/battle/frames/ancient-treant/hit-01.png	36965	15fa42500c1dffa0fd37e9247611e2aaf8f3d99e	경로별 프레임 대응.
battle_frame	art/v2-style/animation-test-frames/ancient-treant/hit-02.png	35128	81e56f10647af7a3a3894a8251f086e18292623d	EXACT	assets/battle/frames/ancient-treant/hit-02.png	35128	81e56f10647af7a3a3894a8251f086e18292623d	경로별 프레임 대응.
battle_frame	art/v2-style/animation-test-frames/ancient-treant/hit-03.png	33039	b57c6779d2e84adc1b70d692ac8c7010152d100d	EXACT	assets/battle/frames/ancient-treant/hit-03.png	33039	b57c6779d2e84adc1b70d692ac8c7010152d100d	경로별 프레임 대응.
battle_frame	art/v2-style/animation-test-frames/ancient-treant/hit-04.png	36863	e073e3630fc981d873251e55f74b54358c3555de	EXACT	assets/battle/frames/ancient-treant/hit-04.png	36863	e073e3630fc981d873251e55f74b54358c3555de	경로별 프레임 대응.
battle_frame	art/v2-style/animation-test-frames/boulder-ogre/attack-01.png	64787	758d5cec0a766ca1ab13252ef1a9cc9cf6771e30	EXACT	assets/battle/frames/boulder-ogre/attack-01.png	64787	758d5cec0a766ca1ab13252ef1a9cc9cf6771e30	경로별 프레임 대응.
battle_frame	art/v2-style/animation-test-frames/boulder-ogre/attack-02.png	50417	cb7423da8378e1426f43f4a5aa5a200382136884	EXACT	assets/battle/frames/boulder-ogre/attack-02.png	50417	cb7423da8378e1426f43f4a5aa5a200382136884	경로별 프레임 대응.
battle_frame	art/v2-style/animation-test-frames/boulder-ogre/attack-03.png	53916	036829730716fd6c5336ccd90fdd14f74d9c5de1	EXACT	assets/battle/frames/boulder-ogre/attack-03.png	53916	036829730716fd6c5336ccd90fdd14f74d9c5de1	경로별 프레임 대응.
battle_frame	art/v2-style/animation-test-frames/boulder-ogre/attack-04.png	52070	d864d3b30e0ef9055c21e99d3522a04a40dba156	EXACT	assets/battle/frames/boulder-ogre/attack-04.png	52070	d864d3b30e0ef9055c21e99d3522a04a40dba156	경로별 프레임 대응.
battle_frame	art/v2-style/animation-test-frames/boulder-ogre/attack-05.png	65088	9d29ccd29764eef390c6eacd839ad470d2ef2184	EXACT	assets/battle/frames/boulder-ogre/attack-05.png	65088	9d29ccd29764eef390c6eacd839ad470d2ef2184	경로별 프레임 대응.
battle_frame	art/v2-style/animation-test-frames/boulder-ogre/death-01.png	56735	5d7b7c847ecc64c9bfbfa6224e5ffbb806ebea4b	EXACT	assets/battle/frames/boulder-ogre/death-01.png	56735	5d7b7c847ecc64c9bfbfa6224e5ffbb806ebea4b	경로별 프레임 대응.
battle_frame	art/v2-style/animation-test-frames/boulder-ogre/death-02.png	35184	85003424c3c61864fe08e27b204355dc4f99ef92	EXACT	assets/battle/frames/boulder-ogre/death-02.png	35184	85003424c3c61864fe08e27b204355dc4f99ef92	경로별 프레임 대응.
battle_frame	art/v2-style/animation-test-frames/boulder-ogre/death-03.png	35992	390c6e7921e388efb2cd4ccc6ea438963bc4879b	EXACT	assets/battle/frames/boulder-ogre/death-03.png	35992	390c6e7921e388efb2cd4ccc6ea438963bc4879b	경로별 프레임 대응.
battle_frame	art/v2-style/animation-test-frames/boulder-ogre/death-04.png	30932	6639f922ef055355277d021ffd2e75be79ebee6d	EXACT	assets/battle/frames/boulder-ogre/death-04.png	30932	6639f922ef055355277d021ffd2e75be79ebee6d	경로별 프레임 대응.
battle_frame	art/v2-style/animation-test-frames/boulder-ogre/death-05.png	29541	1f6d3ce5c672c7e38d9145c18c11167a10eb2a47	EXACT	assets/battle/frames/boulder-ogre/death-05.png	29541	1f6d3ce5c672c7e38d9145c18c11167a10eb2a47	경로별 프레임 대응.
battle_frame	art/v2-style/animation-test-frames/boulder-ogre/hit-01.png	66240	e7fdc7c22c3687824cdb42f6074dd3ba1bb1ac2c	EXACT	assets/battle/frames/boulder-ogre/hit-01.png	66240	e7fdc7c22c3687824cdb42f6074dd3ba1bb1ac2c	경로별 프레임 대응.
battle_frame	art/v2-style/animation-test-frames/boulder-ogre/hit-02.png	56599	21ec42c5992dcec2e288b64097839711f536978a	EXACT	assets/battle/frames/boulder-ogre/hit-02.png	56599	21ec42c5992dcec2e288b64097839711f536978a	경로별 프레임 대응.
battle_frame	art/v2-style/animation-test-frames/boulder-ogre/hit-03.png	59783	2d91150c1592dab17793d0d7aed04a8a35d996f0	EXACT	assets/battle/frames/boulder-ogre/hit-03.png	59783	2d91150c1592dab17793d0d7aed04a8a35d996f0	경로별 프레임 대응.
battle_frame	art/v2-style/animation-test-frames/boulder-ogre/hit-04.png	61427	0d2acf27f0cd6db7b590f5fae3d904264258923f	EXACT	assets/battle/frames/boulder-ogre/hit-04.png	61427	0d2acf27f0cd6db7b590f5fae3d904264258923f	경로별 프레임 대응.
battle_frame	art/v2-style/animation-test-frames/cerberus/attack-01.png	58728	0eaf75167d2f1309948f87f55378496baf4f3f77	EXACT	assets/battle/frames/cerberus/attack-01.png	58728	0eaf75167d2f1309948f87f55378496baf4f3f77	경로별 프레임 대응.
battle_frame	art/v2-style/animation-test-frames/cerberus/attack-02.png	57898	2eb889fa8f3fb43ab7cdb284218e052f8346c027	EXACT	assets/battle/frames/cerberus/attack-02.png	57898	2eb889fa8f3fb43ab7cdb284218e052f8346c027	경로별 프레임 대응.
battle_frame	art/v2-style/animation-test-frames/cerberus/attack-03.png	58004	d5d8dfbda372d20ac3e50a3f415378717a761a89	EXACT	assets/battle/frames/cerberus/attack-03.png	58004	d5d8dfbda372d20ac3e50a3f415378717a761a89	경로별 프레임 대응.
battle_frame	art/v2-style/animation-test-frames/cerberus/attack-04.png	58160	1f37996383bc6ffab653112412ad89f48401f4de	EXACT	assets/battle/frames/cerberus/attack-04.png	58160	1f37996383bc6ffab653112412ad89f48401f4de	경로별 프레임 대응.
battle_frame	art/v2-style/animation-test-frames/cerberus/attack-05.png	58109	e7f43df48c6d05cf1bd4797c09dd31e9416b26c6	EXACT	assets/battle/frames/cerberus/attack-05.png	58109	e7f43df48c6d05cf1bd4797c09dd31e9416b26c6	경로별 프레임 대응.
battle_frame	art/v2-style/animation-test-frames/cerberus/death-01.png	42147	597fbc8ba8eedcfd417d6549aa0a66a771b633af	EXACT	assets/battle/frames/cerberus/death-01.png	42147	597fbc8ba8eedcfd417d6549aa0a66a771b633af	경로별 프레임 대응.
battle_frame	art/v2-style/animation-test-frames/cerberus/death-02.png	35110	544ef02e8cd60f326266436558cc734a9338ca9d	EXACT	assets/battle/frames/cerberus/death-02.png	35110	544ef02e8cd60f326266436558cc734a9338ca9d	경로별 프레임 대응.
battle_frame	art/v2-style/animation-test-frames/cerberus/death-03.png	31782	e86db50f18155d8c2a279af5ebf450dfac15a17d	EXACT	assets/battle/frames/cerberus/death-03.png	31782	e86db50f18155d8c2a279af5ebf450dfac15a17d	경로별 프레임 대응.
battle_frame	art/v2-style/animation-test-frames/cerberus/death-04.png	28934	361ef1ad389cca03b996e5c4e73346363fab929a	EXACT	assets/battle/frames/cerberus/death-04.png	28934	361ef1ad389cca03b996e5c4e73346363fab929a	경로별 프레임 대응.
battle_frame	art/v2-style/animation-test-frames/cerberus/death-05.png	27540	d6a23698941f5c8b2519d31156b61bb3481dbc9f	EXACT	assets/battle/frames/cerberus/death-05.png	27540	d6a23698941f5c8b2519d31156b61bb3481dbc9f	경로별 프레임 대응.
battle_frame	art/v2-style/animation-test-frames/cerberus/death-06.png	14758	45538de303e7572c78e21b4443c8aa83dab20190	EXACT	assets/battle/frames/cerberus/death-06.png	14758	45538de303e7572c78e21b4443c8aa83dab20190	경로별 프레임 대응.
battle_frame	art/v2-style/animation-test-frames/cerberus/hit-01.png	56792	75701d49acf0ddb786aa98f82d686184d6e99e17	EXACT	assets/battle/frames/cerberus/hit-01.png	56792	75701d49acf0ddb786aa98f82d686184d6e99e17	경로별 프레임 대응.
battle_frame	art/v2-style/animation-test-frames/cerberus/hit-02.png	54325	14a566225e9a73bc957fd75a8a1e4db8320015c4	EXACT	assets/battle/frames/cerberus/hit-02.png	54325	14a566225e9a73bc957fd75a8a1e4db8320015c4	경로별 프레임 대응.
battle_frame	art/v2-style/animation-test-frames/cerberus/hit-03.png	52642	7d85093b4ea817992b0fdec5c058d961069ab2b8	EXACT	assets/battle/frames/cerberus/hit-03.png	52642	7d85093b4ea817992b0fdec5c058d961069ab2b8	경로별 프레임 대응.
battle_frame	art/v2-style/animation-test-frames/cerberus/hit-04.png	52618	b7e1c8858fc1ac5c01729d296b95bd4ba1447bda	EXACT	assets/battle/frames/cerberus/hit-04.png	52618	b7e1c8858fc1ac5c01729d296b95bd4ba1447bda	경로별 프레임 대응.
battle_frame	art/v2-style/animation-test-frames/corpse-slime/attack-01.png	82260	50601aba52409d4b22a86c702818b2ac8cbe1806	EXACT	assets/battle/frames/corpse-slime/attack-01.png	82260	50601aba52409d4b22a86c702818b2ac8cbe1806	경로별 프레임 대응.
battle_frame	art/v2-style/animation-test-frames/corpse-slime/attack-02.png	92815	75ced555149bbf91cccee1b79f4664b698ce15cf	EXACT	assets/battle/frames/corpse-slime/attack-02.png	92815	75ced555149bbf91cccee1b79f4664b698ce15cf	경로별 프레임 대응.
battle_frame	art/v2-style/animation-test-frames/corpse-slime/attack-03.png	91736	03eac52dc8795515ada8edb71954f054ef1eff69	EXACT	assets/battle/frames/corpse-slime/attack-03.png	91736	03eac52dc8795515ada8edb71954f054ef1eff69	경로별 프레임 대응.
battle_frame	art/v2-style/animation-test-frames/corpse-slime/attack-04.png	63344	69fade00566c9e2970be4164abfad7a8ebd58a94	EXACT	assets/battle/frames/corpse-slime/attack-04.png	63344	69fade00566c9e2970be4164abfad7a8ebd58a94	경로별 프레임 대응.
battle_frame	art/v2-style/animation-test-frames/corpse-slime/attack-05.png	57690	28ac84870c2293118c30bb85878cb6722471c994	EXACT	assets/battle/frames/corpse-slime/attack-05.png	57690	28ac84870c2293118c30bb85878cb6722471c994	경로별 프레임 대응.
battle_frame	art/v2-style/animation-test-frames/corpse-slime/attack-06.png	91736	03eac52dc8795515ada8edb71954f054ef1eff69	EXACT	assets/battle/frames/corpse-slime/attack-06.png	91736	03eac52dc8795515ada8edb71954f054ef1eff69	경로별 프레임 대응.
battle_frame	art/v2-style/animation-test-frames/corpse-slime/attack-07.png	82260	50601aba52409d4b22a86c702818b2ac8cbe1806	EXACT	assets/battle/frames/corpse-slime/attack-07.png	82260	50601aba52409d4b22a86c702818b2ac8cbe1806	경로별 프레임 대응.
battle_frame	art/v2-style/animation-test-frames/corpse-slime/death-01.png	81948	327418d3960e68364b96cfe7ac8de01357d486e1	EXACT	assets/battle/frames/corpse-slime/death-01.png	81948	327418d3960e68364b96cfe7ac8de01357d486e1	경로별 프레임 대응.
battle_frame	art/v2-style/animation-test-frames/corpse-slime/death-02.png	90455	b8a32ca490378c8e4bae90859821d27770e569db	EXACT	assets/battle/frames/corpse-slime/death-02.png	90455	b8a32ca490378c8e4bae90859821d27770e569db	경로별 프레임 대응.
battle_frame	art/v2-style/animation-test-frames/corpse-slime/death-03.png	75016	da98fe0a0f103d0457b2b053c2d8bee82eabdfaf	EXACT	assets/battle/frames/corpse-slime/death-03.png	75016	da98fe0a0f103d0457b2b053c2d8bee82eabdfaf	경로별 프레임 대응.
battle_frame	art/v2-style/animation-test-frames/corpse-slime/death-04.png	66376	6edb52166898deadc1268a58ea00f3f89b579492	EXACT	assets/battle/frames/corpse-slime/death-04.png	66376	6edb52166898deadc1268a58ea00f3f89b579492	경로별 프레임 대응.
battle_frame	art/v2-style/animation-test-frames/corpse-slime/death-05.png	43643	2df69eaee34398fc4c360db612d178f7c5e37c2a	EXACT	assets/battle/frames/corpse-slime/death-05.png	43643	2df69eaee34398fc4c360db612d178f7c5e37c2a	경로별 프레임 대응.
battle_frame	art/v2-style/animation-test-frames/corpse-slime/hit-01.png	84710	2ec6cca5e10c9f1fa17188c8ec31ece88b3c00ed	EXACT	assets/battle/frames/corpse-slime/hit-01.png	84710	2ec6cca5e10c9f1fa17188c8ec31ece88b3c00ed	경로별 프레임 대응.
battle_frame	art/v2-style/animation-test-frames/corpse-slime/hit-02.png	96966	787ae6d74ca1e968907b514ec65633fc8522392e	EXACT	assets/battle/frames/corpse-slime/hit-02.png	96966	787ae6d74ca1e968907b514ec65633fc8522392e	경로별 프레임 대응.
battle_frame	art/v2-style/animation-test-frames/corpse-slime/hit-03.png	59250	ce1c0805bb838bd2d4f176885c60c4a330660da0	EXACT	assets/battle/frames/corpse-slime/hit-03.png	59250	ce1c0805bb838bd2d4f176885c60c4a330660da0	경로별 프레임 대응.
battle_frame	art/v2-style/animation-test-frames/corpse-slime/hit-04.png	96966	787ae6d74ca1e968907b514ec65633fc8522392e	EXACT	assets/battle/frames/corpse-slime/hit-04.png	96966	787ae6d74ca1e968907b514ec65633fc8522392e	경로별 프레임 대응.
battle_frame	art/v2-style/animation-test-frames/crystal-devourer/attack-01.png	62868	871ee28334a756844c02f883e1567bd18fa87fbe	EXACT	assets/battle/frames/crystal-devourer/attack-01.png	62868	871ee28334a756844c02f883e1567bd18fa87fbe	경로별 프레임 대응.
battle_frame	art/v2-style/animation-test-frames/crystal-devourer/attack-02.png	57352	df89b127a0d458f66d26348b1c5419b905f2bdfb	EXACT	assets/battle/frames/crystal-devourer/attack-02.png	57352	df89b127a0d458f66d26348b1c5419b905f2bdfb	경로별 프레임 대응.
battle_frame	art/v2-style/animation-test-frames/crystal-devourer/attack-03.png	64688	81968c9c035ea4e805e2f552cc0cdc4fd9137f45	EXACT	assets/battle/frames/crystal-devourer/attack-03.png	64688	81968c9c035ea4e805e2f552cc0cdc4fd9137f45	경로별 프레임 대응.
battle_frame	art/v2-style/animation-test-frames/crystal-devourer/attack-04.png	60606	ed62715fbfc3876186480f65be83e5dacba52b6f	EXACT	assets/battle/frames/crystal-devourer/attack-04.png	60606	ed62715fbfc3876186480f65be83e5dacba52b6f	경로별 프레임 대응.
battle_frame	art/v2-style/animation-test-frames/crystal-devourer/attack-05.png	62212	350ac0e3d0d5bce2003025333b7f790ac7535f88	EXACT	assets/battle/frames/crystal-devourer/attack-05.png	62212	350ac0e3d0d5bce2003025333b7f790ac7535f88	경로별 프레임 대응.
battle_frame	art/v2-style/animation-test-frames/crystal-devourer/death-01.png	45511	5563097d5336011f373bb01ce311aeb06ee7845e	EXACT	assets/battle/frames/crystal-devourer/death-01.png	45511	5563097d5336011f373bb01ce311aeb06ee7845e	경로별 프레임 대응.
battle_frame	art/v2-style/animation-test-frames/crystal-devourer/death-02.png	49089	787fa80db0ee19722631276d4313ae6f5fa6db75	EXACT	assets/battle/frames/crystal-devourer/death-02.png	49089	787fa80db0ee19722631276d4313ae6f5fa6db75	경로별 프레임 대응.
battle_frame	art/v2-style/animation-test-frames/crystal-devourer/death-03.png	34685	c96d9266c794d1775ce37f45549e25a4b8bf8f7d	EXACT	assets/battle/frames/crystal-devourer/death-03.png	34685	c96d9266c794d1775ce37f45549e25a4b8bf8f7d	경로별 프레임 대응.
battle_frame	art/v2-style/animation-test-frames/crystal-devourer/death-04.png	24180	d972789ffb0a80303a1ef22fd651c116b9cd06c0	EXACT	assets/battle/frames/crystal-devourer/death-04.png	24180	d972789ffb0a80303a1ef22fd651c116b9cd06c0	경로별 프레임 대응.
battle_frame	art/v2-style/animation-test-frames/crystal-devourer/death-05.png	17424	b050ce00f59077f095c36df1f9c0196859f3b556	EXACT	assets/battle/frames/crystal-devourer/death-05.png	17424	b050ce00f59077f095c36df1f9c0196859f3b556	경로별 프레임 대응.
battle_frame	art/v2-style/animation-test-frames/crystal-devourer/death-06.png	20252	e4e419ba13f9eb89237cbdac96b3a08e681d32fb	EXACT	assets/battle/frames/crystal-devourer/death-06.png	20252	e4e419ba13f9eb89237cbdac96b3a08e681d32fb	경로별 프레임 대응.
battle_frame	art/v2-style/animation-test-frames/crystal-devourer/death-07.png	47813	219ff6d7ace2b65721954c7bdf60735c0f9cdb6c	EXACT	assets/battle/frames/crystal-devourer/death-07.png	47813	219ff6d7ace2b65721954c7bdf60735c0f9cdb6c	경로별 프레임 대응.
battle_frame	art/v2-style/animation-test-frames/crystal-devourer/hit-01.png	64021	1c362747ae94e54fce5ab919ef793815c6410601	EXACT	assets/battle/frames/crystal-devourer/hit-01.png	64021	1c362747ae94e54fce5ab919ef793815c6410601	경로별 프레임 대응.
battle_frame	art/v2-style/animation-test-frames/crystal-devourer/hit-02.png	64530	8350686d2bbb6c8b2adced0a0ee436802976f91a	EXACT	assets/battle/frames/crystal-devourer/hit-02.png	64530	8350686d2bbb6c8b2adced0a0ee436802976f91a	경로별 프레임 대응.
battle_frame	art/v2-style/animation-test-frames/crystal-devourer/hit-03.png	56487	e0a15af7f0bc59cdb4b05c7716e09e715ad1d9b1	EXACT	assets/battle/frames/crystal-devourer/hit-03.png	56487	e0a15af7f0bc59cdb4b05c7716e09e715ad1d9b1	경로별 프레임 대응.
battle_frame	art/v2-style/animation-test-frames/crystal-devourer/hit-04.png	47452	12bff54dcfdb785bd9877e701d6edf52a3c3ec95	EXACT	assets/battle/frames/crystal-devourer/hit-04.png	47452	12bff54dcfdb785bd9877e701d6edf52a3c3ec95	경로별 프레임 대응.
battle_frame	art/v2-style/animation-test-frames/death-knight/attack-01.png	55605	003f8d939e0277a5fdf43c08bc6fc389ed9b5d47	EXACT	assets/battle/frames/death-knight/attack-01.png	55605	003f8d939e0277a5fdf43c08bc6fc389ed9b5d47	경로별 프레임 대응.
battle_frame	art/v2-style/animation-test-frames/death-knight/attack-02.png	67067	f6618b392e97f435c3c65f0eb19e88c36251b461	EXACT	assets/battle/frames/death-knight/attack-02.png	67067	f6618b392e97f435c3c65f0eb19e88c36251b461	경로별 프레임 대응.
battle_frame	art/v2-style/animation-test-frames/death-knight/attack-03.png	59899	8537037a890bf407cb47ee0accca9ef2845ebd35	EXACT	assets/battle/frames/death-knight/attack-03.png	59899	8537037a890bf407cb47ee0accca9ef2845ebd35	경로별 프레임 대응.
battle_frame	art/v2-style/animation-test-frames/death-knight/attack-04.png	57858	ba7e41340c53c9d17120d48eac1e7719e640e5f6	EXACT	assets/battle/frames/death-knight/attack-04.png	57858	ba7e41340c53c9d17120d48eac1e7719e640e5f6	경로별 프레임 대응.
battle_frame	art/v2-style/animation-test-frames/death-knight/attack-05.png	62257	1db9cb13615c3bea67b1744079b88acb519d2b4a	EXACT	assets/battle/frames/death-knight/attack-05.png	62257	1db9cb13615c3bea67b1744079b88acb519d2b4a	경로별 프레임 대응.
battle_frame	art/v2-style/animation-test-frames/death-knight/death-01.png	45193	32e0c1289f7ce7397e3ea4c3ca710888c0505074	EXACT	assets/battle/frames/death-knight/death-01.png	45193	32e0c1289f7ce7397e3ea4c3ca710888c0505074	경로별 프레임 대응.
battle_frame	art/v2-style/animation-test-frames/death-knight/death-02.png	50141	1da255d1710d3b4dafab484a8d526a293a5702bd	EXACT	assets/battle/frames/death-knight/death-02.png	50141	1da255d1710d3b4dafab484a8d526a293a5702bd	경로별 프레임 대응.
battle_frame	art/v2-style/animation-test-frames/death-knight/death-03.png	45829	7cd3d46faf5102ee99725c8115399640025f7336	EXACT	assets/battle/frames/death-knight/death-03.png	45829	7cd3d46faf5102ee99725c8115399640025f7336	경로별 프레임 대응.
battle_frame	art/v2-style/animation-test-frames/death-knight/death-04.png	50194	f1dbf61b9c7d35735eb225c2f8a955119b498574	EXACT	assets/battle/frames/death-knight/death-04.png	50194	f1dbf61b9c7d35735eb225c2f8a955119b498574	경로별 프레임 대응.
battle_frame	art/v2-style/animation-test-frames/death-knight/death-05.png	28992	a2b1d561b09c68d029215c2c7ccfe9220e63e673	EXACT	assets/battle/frames/death-knight/death-05.png	28992	a2b1d561b09c68d029215c2c7ccfe9220e63e673	경로별 프레임 대응.
battle_frame	art/v2-style/animation-test-frames/death-knight/death-06.png	28163	037d4702bef4e0f3f94aeb57070cd12400e48407	EXACT	assets/battle/frames/death-knight/death-06.png	28163	037d4702bef4e0f3f94aeb57070cd12400e48407	경로별 프레임 대응.
battle_frame	art/v2-style/animation-test-frames/death-knight/hit-01.png	52713	cdf245a0eaba3213e236a9c28076829d4d848ce9	EXACT	assets/battle/frames/death-knight/hit-01.png	52713	cdf245a0eaba3213e236a9c28076829d4d848ce9	경로별 프레임 대응.
battle_frame	art/v2-style/animation-test-frames/death-knight/hit-02.png	56198	658749b61e9cc9a32969741c4b4141c8aaf56ee4	EXACT	assets/battle/frames/death-knight/hit-02.png	56198	658749b61e9cc9a32969741c4b4141c8aaf56ee4	경로별 프레임 대응.
battle_frame	art/v2-style/animation-test-frames/death-knight/hit-03.png	44427	83eae8386aa78b8b8b0329769147d7d719aca653	EXACT	assets/battle/frames/death-knight/hit-03.png	44427	83eae8386aa78b8b8b0329769147d7d719aca653	경로별 프레임 대응.
battle_frame	art/v2-style/animation-test-frames/death-knight/hit-04.png	46033	40ed489f506649fb110953e99b6dd819cf6c8c0d	EXACT	assets/battle/frames/death-knight/hit-04.png	46033	40ed489f506649fb110953e99b6dd819cf6c8c0d	경로별 프레임 대응.
battle_frame	art/v2-style/animation-test-frames/doom-executor/attack-01.png	46971	c5e62ddc39f9a10f0a1f9c11722b1ba90a1c60f5	EXACT	assets/battle/frames/doom-executor/attack-01.png	46971	c5e62ddc39f9a10f0a1f9c11722b1ba90a1c60f5	경로별 프레임 대응.
battle_frame	art/v2-style/animation-test-frames/doom-executor/attack-02.png	46096	4de3e7d6da1935d6c7d6b4f2f33b42ecc2f1e5fb	EXACT	assets/battle/frames/doom-executor/attack-02.png	46096	4de3e7d6da1935d6c7d6b4f2f33b42ecc2f1e5fb	경로별 프레임 대응.
battle_frame	art/v2-style/animation-test-frames/doom-executor/attack-03.png	45167	16baee33f4e3a0b333782607fbe021b11ac3e6de	EXACT	assets/battle/frames/doom-executor/attack-03.png	45167	16baee33f4e3a0b333782607fbe021b11ac3e6de	경로별 프레임 대응.
battle_frame	art/v2-style/animation-test-frames/doom-executor/attack-04.png	43068	2963bf19a086cee73e768d08a96e1b6ebb66601e	EXACT	assets/battle/frames/doom-executor/attack-04.png	43068	2963bf19a086cee73e768d08a96e1b6ebb66601e	경로별 프레임 대응.
battle_frame	art/v2-style/animation-test-frames/doom-executor/attack-05.png	46935	2bbebcc807007657e6e4213eac4df8e86ba4d406	EXACT	assets/battle/frames/doom-executor/attack-05.png	46935	2bbebcc807007657e6e4213eac4df8e86ba4d406	경로별 프레임 대응.
battle_frame	art/v2-style/animation-test-frames/doom-executor/death-01.png	35577	73821d061fb0968fecb8525c9332de06f68eb2d2	EXACT	assets/battle/frames/doom-executor/death-01.png	35577	73821d061fb0968fecb8525c9332de06f68eb2d2	경로별 프레임 대응.
battle_frame	art/v2-style/animation-test-frames/doom-executor/death-02.png	36167	e26ef3cef9f0c8869bc84b26b485b73f593bdddc	EXACT	assets/battle/frames/doom-executor/death-02.png	36167	e26ef3cef9f0c8869bc84b26b485b73f593bdddc	경로별 프레임 대응.
battle_frame	art/v2-style/animation-test-frames/doom-executor/death-03.png	33236	72bfcbdddf7068c645f0a4ccebb00bdcd53e0ab3	EXACT	assets/battle/frames/doom-executor/death-03.png	33236	72bfcbdddf7068c645f0a4ccebb00bdcd53e0ab3	경로별 프레임 대응.
battle_frame	art/v2-style/animation-test-frames/doom-executor/death-04.png	27484	fcec43323fc4f47618a4054dc6db863318d0ceb4	EXACT	assets/battle/frames/doom-executor/death-04.png	27484	fcec43323fc4f47618a4054dc6db863318d0ceb4	경로별 프레임 대응.
battle_frame	art/v2-style/animation-test-frames/doom-executor/death-05.png	18054	38631834f5660861ddb485a400bd9d6935e28b80	EXACT	assets/battle/frames/doom-executor/death-05.png	18054	38631834f5660861ddb485a400bd9d6935e28b80	경로별 프레임 대응.
battle_frame	art/v2-style/animation-test-frames/doom-executor/hit-01.png	43893	935bb466f93dc3171b6c7782a0930dfac5aa264d	EXACT	assets/battle/frames/doom-executor/hit-01.png	43893	935bb466f93dc3171b6c7782a0930dfac5aa264d	경로별 프레임 대응.
battle_frame	art/v2-style/animation-test-frames/doom-executor/hit-02.png	42664	19489613f8a8a6a00a20c83af4860d91410b5a1f	EXACT	assets/battle/frames/doom-executor/hit-02.png	42664	19489613f8a8a6a00a20c83af4860d91410b5a1f	경로별 프레임 대응.
battle_frame	art/v2-style/animation-test-frames/doom-executor/hit-03.png	42506	1fe4c2d8cd0ba85a8d220030cafacbbe3bdf19c8	EXACT	assets/battle/frames/doom-executor/hit-03.png	42506	1fe4c2d8cd0ba85a8d220030cafacbbe3bdf19c8	경로별 프레임 대응.
battle_frame	art/v2-style/animation-test-frames/doom-executor/hit-04.png	37910	e072315f7ce4d9cca34c004db9e3a2db69d2d742	EXACT	assets/battle/frames/doom-executor/hit-04.png	37910	e072315f7ce4d9cca34c004db9e3a2db69d2d742	경로별 프레임 대응.
battle_frame	art/v2-style/animation-test-frames/flesh-golem/attack-01.png	64557	cffb48aeccef5bc5e870067a946aea9a73589d88	EXACT	assets/battle/frames/flesh-golem/attack-01.png	64557	cffb48aeccef5bc5e870067a946aea9a73589d88	경로별 프레임 대응.
battle_frame	art/v2-style/animation-test-frames/flesh-golem/attack-02.png	70630	ab68dfa82eed33684039228b016858a3ebf70604	EXACT	assets/battle/frames/flesh-golem/attack-02.png	70630	ab68dfa82eed33684039228b016858a3ebf70604	경로별 프레임 대응.
battle_frame	art/v2-style/animation-test-frames/flesh-golem/attack-03.png	68246	a48f0dc5c2abeeafe52072e3bf912ccfca0a7d22	EXACT	assets/battle/frames/flesh-golem/attack-03.png	68246	a48f0dc5c2abeeafe52072e3bf912ccfca0a7d22	경로별 프레임 대응.
battle_frame	art/v2-style/animation-test-frames/flesh-golem/attack-04.png	65968	7bc7a2912c319f59ce1a9536a54e03d5a74dfd7f	EXACT	assets/battle/frames/flesh-golem/attack-04.png	65968	7bc7a2912c319f59ce1a9536a54e03d5a74dfd7f	경로별 프레임 대응.
battle_frame	art/v2-style/animation-test-frames/flesh-golem/attack-05.png	64479	899c7c153142284c68b0149d4c9226c6f598895a	EXACT	assets/battle/frames/flesh-golem/attack-05.png	64479	899c7c153142284c68b0149d4c9226c6f598895a	경로별 프레임 대응.
battle_frame	art/v2-style/animation-test-frames/flesh-golem/death-01.png	54011	b5e86324b7bb93b8a669ac4bf89b11c05ec001a4	EXACT	assets/battle/frames/flesh-golem/death-01.png	54011	b5e86324b7bb93b8a669ac4bf89b11c05ec001a4	경로별 프레임 대응.
battle_frame	art/v2-style/animation-test-frames/flesh-golem/death-02.png	43236	e6defd18db484b674dc8aca5810d6e06d442c2f0	EXACT	assets/battle/frames/flesh-golem/death-02.png	43236	e6defd18db484b674dc8aca5810d6e06d442c2f0	경로별 프레임 대응.
battle_frame	art/v2-style/animation-test-frames/flesh-golem/death-03.png	41011	71d7ed0ea1a7dc1947fab1a02affc9e5dc26b83a	EXACT	assets/battle/frames/flesh-golem/death-03.png	41011	71d7ed0ea1a7dc1947fab1a02affc9e5dc26b83a	경로별 프레임 대응.
battle_frame	art/v2-style/animation-test-frames/flesh-golem/death-04.png	45372	c331047e0a861688d81d34b1154e7e3ed3039e3b	EXACT	assets/battle/frames/flesh-golem/death-04.png	45372	c331047e0a861688d81d34b1154e7e3ed3039e3b	경로별 프레임 대응.
battle_frame	art/v2-style/animation-test-frames/flesh-golem/death-05.png	31746	9d5e25e709021a5129ea85187a732b225d0b467e	EXACT	assets/battle/frames/flesh-golem/death-05.png	31746	9d5e25e709021a5129ea85187a732b225d0b467e	경로별 프레임 대응.
battle_frame	art/v2-style/animation-test-frames/flesh-golem/death-06.png	26338	7fb19a342fb6fea8787d628846d7961b954cbcf3	EXACT	assets/battle/frames/flesh-golem/death-06.png	26338	7fb19a342fb6fea8787d628846d7961b954cbcf3	경로별 프레임 대응.
battle_frame	art/v2-style/animation-test-frames/flesh-golem/hit-01.png	70452	b5b9ea167ac72a476305111282c0ec0ac0197196	EXACT	assets/battle/frames/flesh-golem/hit-01.png	70452	b5b9ea167ac72a476305111282c0ec0ac0197196	경로별 프레임 대응.
battle_frame	art/v2-style/animation-test-frames/flesh-golem/hit-02.png	75124	c634a61323468e7004f5189391f101ebadccfe47	EXACT	assets/battle/frames/flesh-golem/hit-02.png	75124	c634a61323468e7004f5189391f101ebadccfe47	경로별 프레임 대응.
battle_frame	art/v2-style/animation-test-frames/flesh-golem/hit-03.png	73120	ba8f3a07c69467ac9d4908f03a476a2fa907dc93	EXACT	assets/battle/frames/flesh-golem/hit-03.png	73120	ba8f3a07c69467ac9d4908f03a476a2fa907dc93	경로별 프레임 대응.
battle_frame	art/v2-style/animation-test-frames/flesh-golem/hit-04.png	65177	e7a7c408299f480fcad754b1b4db03c459bbfdd7	EXACT	assets/battle/frames/flesh-golem/hit-04.png	65177	e7a7c408299f480fcad754b1b4db03c459bbfdd7	경로별 프레임 대응.
battle_frame	art/v2-style/animation-test-frames/flesh-golem/hit-05.png	64083	8100db3bddd87401429a5cea177e414bbe6e786d	EXACT	assets/battle/frames/flesh-golem/hit-05.png	64083	8100db3bddd87401429a5cea177e414bbe6e786d	경로별 프레임 대응.
battle_frame	art/v2-style/animation-test-frames/forest-fairy/attack-01.png	42163	b376d8693d0236f9756e9390534d71f9a3693122	EXACT	assets/battle/frames/forest-fairy/attack-01.png	42163	b376d8693d0236f9756e9390534d71f9a3693122	경로별 프레임 대응.
battle_frame	art/v2-style/animation-test-frames/forest-fairy/attack-02.png	42744	d37c1c779302214535e0ed267104974ae61f6b25	EXACT	assets/battle/frames/forest-fairy/attack-02.png	42744	d37c1c779302214535e0ed267104974ae61f6b25	경로별 프레임 대응.
battle_frame	art/v2-style/animation-test-frames/forest-fairy/attack-03.png	40451	d6523032d5a2c391311c43811900cff0ce26fb05	EXACT	assets/battle/frames/forest-fairy/attack-03.png	40451	d6523032d5a2c391311c43811900cff0ce26fb05	경로별 프레임 대응.
battle_frame	art/v2-style/animation-test-frames/forest-fairy/attack-04.png	41100	4e0b9a513fe8b3fee4a30fab7642a35c91368e9b	EXACT	assets/battle/frames/forest-fairy/attack-04.png	41100	4e0b9a513fe8b3fee4a30fab7642a35c91368e9b	경로별 프레임 대응.
battle_frame	art/v2-style/animation-test-frames/forest-fairy/attack-05.png	42360	9c1f0858316acfaf4fd9be05d31854e384a9dc9b	EXACT	assets/battle/frames/forest-fairy/attack-05.png	42360	9c1f0858316acfaf4fd9be05d31854e384a9dc9b	경로별 프레임 대응.
battle_frame	art/v2-style/animation-test-frames/forest-fairy/death-01.png	32499	3f1f305de25015d1c95fdf7b6b085be069f609c7	EXACT	assets/battle/frames/forest-fairy/death-01.png	32499	3f1f305de25015d1c95fdf7b6b085be069f609c7	경로별 프레임 대응.
battle_frame	art/v2-style/animation-test-frames/forest-fairy/death-02.png	26319	8f7ca5d8a0ce83970358f8510b67f12f09a5aaaa	EXACT	assets/battle/frames/forest-fairy/death-02.png	26319	8f7ca5d8a0ce83970358f8510b67f12f09a5aaaa	경로별 프레임 대응.
battle_frame	art/v2-style/animation-test-frames/forest-fairy/death-03.png	17738	74eaef87a58645e054bc9f126cf3d1c2782c48bc	EXACT	assets/battle/frames/forest-fairy/death-03.png	17738	74eaef87a58645e054bc9f126cf3d1c2782c48bc	경로별 프레임 대응.
battle_frame	art/v2-style/animation-test-frames/forest-fairy/death-04.png	14812	0a7e3ef14e3fca56a30309b0df2d031dfed04089	EXACT	assets/battle/frames/forest-fairy/death-04.png	14812	0a7e3ef14e3fca56a30309b0df2d031dfed04089	경로별 프레임 대응.
battle_frame	art/v2-style/animation-test-frames/forest-fairy/death-05.png	14805	9e396b0fc7e58c00abc53ccc16c8d749a3acf4dc	EXACT	assets/battle/frames/forest-fairy/death-05.png	14805	9e396b0fc7e58c00abc53ccc16c8d749a3acf4dc	경로별 프레임 대응.
battle_frame	art/v2-style/animation-test-frames/forest-fairy/death-06.png	14934	87cd976c4a73393392b5e24f190500a638fb2b81	EXACT	assets/battle/frames/forest-fairy/death-06.png	14934	87cd976c4a73393392b5e24f190500a638fb2b81	경로별 프레임 대응.
battle_frame	art/v2-style/animation-test-frames/forest-fairy/death-07.png	23010	eb2e4d8ef03ad4d134d5dc77a1e9775c1610fb46	EXACT	assets/battle/frames/forest-fairy/death-07.png	23010	eb2e4d8ef03ad4d134d5dc77a1e9775c1610fb46	경로별 프레임 대응.
battle_frame	art/v2-style/animation-test-frames/forest-fairy/hit-01.png	36757	4bf916c5638aa232114e1bf7ec47b08f4249c30a	EXACT	assets/battle/frames/forest-fairy/hit-01.png	36757	4bf916c5638aa232114e1bf7ec47b08f4249c30a	경로별 프레임 대응.
battle_frame	art/v2-style/animation-test-frames/forest-fairy/hit-02.png	28354	7a35c47e55932b4d12dfe2fdcf18030a77fee835	EXACT	assets/battle/frames/forest-fairy/hit-02.png	28354	7a35c47e55932b4d12dfe2fdcf18030a77fee835	경로별 프레임 대응.
battle_frame	art/v2-style/animation-test-frames/forest-fairy/hit-03.png	38499	1549bba139f10a38a2fe6f602a17243d2eb2fd24	EXACT	assets/battle/frames/forest-fairy/hit-03.png	38499	1549bba139f10a38a2fe6f602a17243d2eb2fd24	경로별 프레임 대응.
battle_frame	art/v2-style/animation-test-frames/forest-fairy/hit-04.png	37569	635e4e1edcc850ca4683f4d8e02e00aebd012d37	EXACT	assets/battle/frames/forest-fairy/hit-04.png	37569	635e4e1edcc850ca4683f4d8e02e00aebd012d37	경로별 프레임 대응.
battle_frame	art/v2-style/animation-test-frames/ghoul/attack-01.png	43801	a223c30def6263ccf97604fac9fff832a2fc943d	EXACT	assets/battle/frames/ghoul/attack-01.png	43801	a223c30def6263ccf97604fac9fff832a2fc943d	경로별 프레임 대응.
battle_frame	art/v2-style/animation-test-frames/ghoul/attack-02.png	44678	64d9828e7d74f3645009d229a3fba3c90adb8f61	EXACT	assets/battle/frames/ghoul/attack-02.png	44678	64d9828e7d74f3645009d229a3fba3c90adb8f61	경로별 프레임 대응.
battle_frame	art/v2-style/animation-test-frames/ghoul/attack-03.png	41809	6044dbe24626e7a5a4b41ea9e2efa50fcc181d53	EXACT	assets/battle/frames/ghoul/attack-03.png	41809	6044dbe24626e7a5a4b41ea9e2efa50fcc181d53	경로별 프레임 대응.
battle_frame	art/v2-style/animation-test-frames/ghoul/attack-04.png	41836	bdc40912ac709da1dbdb8c5a0d996c655d61d22a	EXACT	assets/battle/frames/ghoul/attack-04.png	41836	bdc40912ac709da1dbdb8c5a0d996c655d61d22a	경로별 프레임 대응.
battle_frame	art/v2-style/animation-test-frames/ghoul/attack-05.png	43256	5985e7a71170fca696ec9975b119c29e7c8596fd	EXACT	assets/battle/frames/ghoul/attack-05.png	43256	5985e7a71170fca696ec9975b119c29e7c8596fd	경로별 프레임 대응.
battle_frame	art/v2-style/animation-test-frames/ghoul/death-01.png	33010	aa881c4cb936358a922fb2e73900389299b012f8	EXACT	assets/battle/frames/ghoul/death-01.png	33010	aa881c4cb936358a922fb2e73900389299b012f8	경로별 프레임 대응.
battle_frame	art/v2-style/animation-test-frames/ghoul/death-02.png	31866	2e8d552b7a91a9296744b3a9aabc9f51d87fa687	EXACT	assets/battle/frames/ghoul/death-02.png	31866	2e8d552b7a91a9296744b3a9aabc9f51d87fa687	경로별 프레임 대응.
battle_frame	art/v2-style/animation-test-frames/ghoul/death-03.png	29316	790ba8ff209faefe2d360eab1d259e7e29ef1973	EXACT	assets/battle/frames/ghoul/death-03.png	29316	790ba8ff209faefe2d360eab1d259e7e29ef1973	경로별 프레임 대응.
battle_frame	art/v2-style/animation-test-frames/ghoul/death-04.png	24527	63c43ef29479618c74bfbda6aa71c1ba8aedeee7	EXACT	assets/battle/frames/ghoul/death-04.png	24527	63c43ef29479618c74bfbda6aa71c1ba8aedeee7	경로별 프레임 대응.
battle_frame	art/v2-style/animation-test-frames/ghoul/death-05.png	25057	504427d66a6b1fcf653b6d57b05554fbe4fe90b8	EXACT	assets/battle/frames/ghoul/death-05.png	25057	504427d66a6b1fcf653b6d57b05554fbe4fe90b8	경로별 프레임 대응.
battle_frame	art/v2-style/animation-test-frames/ghoul/death-06.png	21964	3d50c1290dd6347a91f1fd5bb1257bb02906ffb7	EXACT	assets/battle/frames/ghoul/death-06.png	21964	3d50c1290dd6347a91f1fd5bb1257bb02906ffb7	경로별 프레임 대응.
battle_frame	art/v2-style/animation-test-frames/ghoul/hit-01.png	37098	844e30d0390d6c1fde060f82250cfb363188ca0c	EXACT	assets/battle/frames/ghoul/hit-01.png	37098	844e30d0390d6c1fde060f82250cfb363188ca0c	경로별 프레임 대응.
battle_frame	art/v2-style/animation-test-frames/ghoul/hit-02.png	38547	77da5ce107832da939fc38022db82b3df3bd3ca8	EXACT	assets/battle/frames/ghoul/hit-02.png	38547	77da5ce107832da939fc38022db82b3df3bd3ca8	경로별 프레임 대응.
battle_frame	art/v2-style/animation-test-frames/ghoul/hit-03.png	36073	e1691a19d8534263f98e0fc867fc7fa16aad4aa1	EXACT	assets/battle/frames/ghoul/hit-03.png	36073	e1691a19d8534263f98e0fc867fc7fa16aad4aa1	경로별 프레임 대응.
battle_frame	art/v2-style/animation-test-frames/ghoul/hit-04.png	33355	2b02da461cf24f36df59ed3485160d2cc0885cb9	EXACT	assets/battle/frames/ghoul/hit-04.png	33355	2b02da461cf24f36df59ed3485160d2cc0885cb9	경로별 프레임 대응.
battle_frame	art/v2-style/animation-test-frames/goblin-chief/attack-01.png	45641	c24d8d18c95f2db6baa6bf21c615aa1034c8a443	EXACT	assets/battle/frames/goblin-chief/attack-01.png	45641	c24d8d18c95f2db6baa6bf21c615aa1034c8a443	경로별 프레임 대응.
battle_frame	art/v2-style/animation-test-frames/goblin-chief/attack-02.png	42545	6aa87d8dbc93552cea622b722da388c9526213cb	EXACT	assets/battle/frames/goblin-chief/attack-02.png	42545	6aa87d8dbc93552cea622b722da388c9526213cb	경로별 프레임 대응.
battle_frame	art/v2-style/animation-test-frames/goblin-chief/attack-03.png	37053	1ffa6e1b64a22210cacb949fd32594c7091398ef	EXACT	assets/battle/frames/goblin-chief/attack-03.png	37053	1ffa6e1b64a22210cacb949fd32594c7091398ef	경로별 프레임 대응.
battle_frame	art/v2-style/animation-test-frames/goblin-chief/attack-04.png	42377	559e8b7beadbe2060fadebf6f466fd52e67291bf	EXACT	assets/battle/frames/goblin-chief/attack-04.png	42377	559e8b7beadbe2060fadebf6f466fd52e67291bf	경로별 프레임 대응.
battle_frame	art/v2-style/animation-test-frames/goblin-chief/attack-05.png	44018	4db2c3699a9054f36794e40ebeeca2c30d4da9f3	EXACT	assets/battle/frames/goblin-chief/attack-05.png	44018	4db2c3699a9054f36794e40ebeeca2c30d4da9f3	경로별 프레임 대응.
battle_frame	art/v2-style/animation-test-frames/goblin-chief/death-01.png	45641	c24d8d18c95f2db6baa6bf21c615aa1034c8a443	EXACT	assets/battle/frames/goblin-chief/death-01.png	45641	c24d8d18c95f2db6baa6bf21c615aa1034c8a443	경로별 프레임 대응.
battle_frame	art/v2-style/animation-test-frames/goblin-chief/death-02.png	30692	33b7f91ae15d938051fef8373c4eefa098dd3672	EXACT	assets/battle/frames/goblin-chief/death-02.png	30692	33b7f91ae15d938051fef8373c4eefa098dd3672	경로별 프레임 대응.
battle_frame	art/v2-style/animation-test-frames/goblin-chief/death-03.png	26588	38bb4ea08334f9076258e3aeb0a05b735237518b	EXACT	assets/battle/frames/goblin-chief/death-03.png	26588	38bb4ea08334f9076258e3aeb0a05b735237518b	경로별 프레임 대응.
battle_frame	art/v2-style/animation-test-frames/goblin-chief/death-04.png	28100	1b9addaf70b0498401fb69c27ef5fa3cbb223d7b	EXACT	assets/battle/frames/goblin-chief/death-04.png	28100	1b9addaf70b0498401fb69c27ef5fa3cbb223d7b	경로별 프레임 대응.
battle_frame	art/v2-style/animation-test-frames/goblin-chief/death-05.png	22190	4a55efb864c7594bbdc7e152a807ee5d801bb86c	EXACT	assets/battle/frames/goblin-chief/death-05.png	22190	4a55efb864c7594bbdc7e152a807ee5d801bb86c	경로별 프레임 대응.
battle_frame	art/v2-style/animation-test-frames/goblin-chief/hit-01.png	44730	a7278832f4c41eed895c2831922a8632c51fd97d	EXACT	assets/battle/frames/goblin-chief/hit-01.png	44730	a7278832f4c41eed895c2831922a8632c51fd97d	경로별 프레임 대응.
battle_frame	art/v2-style/animation-test-frames/goblin-chief/hit-02.png	41356	b98e1a6185ea121a1c001f31aba630d5f46354ad	EXACT	assets/battle/frames/goblin-chief/hit-02.png	41356	b98e1a6185ea121a1c001f31aba630d5f46354ad	경로별 프레임 대응.
battle_frame	art/v2-style/animation-test-frames/goblin-chief/hit-03.png	44347	6a1d3b491c5dbac625e62bc037ea6eb73757d302	EXACT	assets/battle/frames/goblin-chief/hit-03.png	44347	6a1d3b491c5dbac625e62bc037ea6eb73757d302	경로별 프레임 대응.
battle_frame	art/v2-style/animation-test-frames/goblin-chief/hit-04.png	36427	dd2c560bbab7f435b2382924b968e4be34baa0b6	EXACT	assets/battle/frames/goblin-chief/hit-04.png	36427	dd2c560bbab7f435b2382924b968e4be34baa0b6	경로별 프레임 대응.
battle_frame	art/v2-style/animation-test-frames/goblin-commoner/attack-01.png	33459	9be1017d753de970d2e7892ae1430a7e45421d0f	UPDATED	assets/battle/frames/goblin-commoner/attack-01.png	151960	dbcab0d93721791e110e5a5e184f349d99a9dad0	경로별 프레임 대응.
battle_frame	art/v2-style/animation-test-frames/goblin-commoner/attack-02.png	42190	a9d95c7f31fe0888d3f2d087b06b883c8b916e5c	UPDATED	assets/battle/frames/goblin-commoner/attack-02.png	164327	92f1698b080ba3064c162ae40bc9f7137507fac8	경로별 프레임 대응.
battle_frame	art/v2-style/animation-test-frames/goblin-commoner/attack-03.png	34711	480f34d808f6bc59fdaa5369e7755b4069870906	UPDATED	assets/battle/frames/goblin-commoner/attack-03.png	158240	95d6a4823932d69eafa6226a7c88024cdd820fee	경로별 프레임 대응.
battle_frame	art/v2-style/animation-test-frames/goblin-commoner/attack-04.png	34417	f1c8ef1a2cfd7e3eea60416e09ed0fad76fa4042	UPDATED	assets/battle/frames/goblin-commoner/attack-04.png	166335	1b749ee406528ea8c77f134e3e78f912b6635fce	경로별 프레임 대응.
battle_frame	art/v2-style/animation-test-frames/goblin-commoner/attack-05.png	38180	aae2ff4480aaf3c1d9cfc224a9d331b7c7cd6583	UPDATED	assets/battle/frames/goblin-commoner/attack-05.png	157653	7c67158d79e19cfeeea2b4f8f7a9d0d1f439fe2c	경로별 프레임 대응.
battle_frame	art/v2-style/animation-test-frames/goblin-commoner/death-01.png	36175	c6050c2ce54409071d880aee1bb8b80a0aa90462	UPDATED	assets/battle/frames/goblin-commoner/death-01.png	113991	0b9f60d5010ed460907cae45af37340f217c4114	경로별 프레임 대응.
battle_frame	art/v2-style/animation-test-frames/goblin-commoner/death-02.png	30024	2104a3f472a2219687ea3f6487aab894a1ed5674	UPDATED	assets/battle/frames/goblin-commoner/death-02.png	112236	57471125ff3b788cfe6b0b56292afda337e8fceb	경로별 프레임 대응.
battle_frame	art/v2-style/animation-test-frames/goblin-commoner/death-03.png	28537	3a701d46e1d6db934f32496df74d862fffb0d020	UPDATED	assets/battle/frames/goblin-commoner/death-03.png	111829	5d0fa15a2f564f15c59d4892e620121b909c1c6b	경로별 프레임 대응.
battle_frame	art/v2-style/animation-test-frames/goblin-commoner/death-04.png	25509	42209748e656844268587a15f5e9d5dcb85b72a1	UPDATED	assets/battle/frames/goblin-commoner/death-04.png	117748	1b9226aa80b2dc402873b66c66c7446688e6b0e8	경로별 프레임 대응.
battle_frame	art/v2-style/animation-test-frames/goblin-commoner/death-05.png	25481	1977c1ec08dabe25f561db4ca0b6636006942535	UPDATED	assets/battle/frames/goblin-commoner/death-05.png	124616	cbc9f3640bd38c7c0992cc88ce9fffd114ccca1c	경로별 프레임 대응.
battle_frame	art/v2-style/animation-test-frames/goblin-commoner/death-06.png	18750	e576aaa9a3d1ff4573a30ac6b2b9a7c93b8d0198	UPDATED	assets/battle/frames/goblin-commoner/death-06.png	122341	f37c3c3f1cb6d265403a82804de7de4197d55b61	경로별 프레임 대응.
battle_frame	art/v2-style/animation-test-frames/goblin-commoner/hit-01.png	32902	3533413750abefb7734d17039386754ec976be62	UPDATED	assets/battle/frames/goblin-commoner/hit-01.png	162785	c5a62e933f20bf07e51ccfecbf6fc0c609b61c1b	경로별 프레임 대응.
battle_frame	art/v2-style/animation-test-frames/goblin-commoner/hit-02.png	31324	1ffe65d43c2c480e9145bd1af70a3ec0bfd2931f	UPDATED	assets/battle/frames/goblin-commoner/hit-02.png	161510	aaffb3817e3f6235f8f65f3de35209fa0690133c	경로별 프레임 대응.
battle_frame	art/v2-style/animation-test-frames/goblin-commoner/hit-03.png	32174	39831b4315b60f8806dd93e221c8032a24bb787d	UPDATED	assets/battle/frames/goblin-commoner/hit-03.png	139345	de616f4ce406fdbbb9c6d0a49b04893a0024cce8	경로별 프레임 대응.
battle_frame	art/v2-style/animation-test-frames/goblin-commoner/hit-04.png	30826	11f5c9bfc12bc3d6db4c2078a42a7fd0a6a588ab	UPDATED	assets/battle/frames/goblin-commoner/hit-04.png	154124	89367ea31bd85ab495b7226d421aaa84c6ec69c0	경로별 프레임 대응.
battle_frame	art/v2-style/animation-test-frames/goblin-rider/attack-01.png	40861	a57afaa02db8388f4830fb774bbb89de75fefa16	EXACT	assets/battle/frames/goblin-rider/attack-01.png	40861	a57afaa02db8388f4830fb774bbb89de75fefa16	경로별 프레임 대응.
battle_frame	art/v2-style/animation-test-frames/goblin-rider/attack-02.png	38545	0dfa10ddafe0377bc4606d3b1f96c873a5511ae7	EXACT	assets/battle/frames/goblin-rider/attack-02.png	38545	0dfa10ddafe0377bc4606d3b1f96c873a5511ae7	경로별 프레임 대응.
battle_frame	art/v2-style/animation-test-frames/goblin-rider/attack-03.png	37755	e14d0ca666832ec80d1ed6eea43de710a8ad3e3f	EXACT	assets/battle/frames/goblin-rider/attack-03.png	37755	e14d0ca666832ec80d1ed6eea43de710a8ad3e3f	경로별 프레임 대응.
battle_frame	art/v2-style/animation-test-frames/goblin-rider/attack-04.png	38552	0c3cc97a104fba8cdfc2779001a798f3e70abce3	EXACT	assets/battle/frames/goblin-rider/attack-04.png	38552	0c3cc97a104fba8cdfc2779001a798f3e70abce3	경로별 프레임 대응.
battle_frame	art/v2-style/animation-test-frames/goblin-rider/attack-05.png	40892	73916f58b877233ec75140772b736248c8c06d71	EXACT	assets/battle/frames/goblin-rider/attack-05.png	40892	73916f58b877233ec75140772b736248c8c06d71	경로별 프레임 대응.
battle_frame	art/v2-style/animation-test-frames/goblin-rider/death-01.png	38473	a4d739b485ba09d9f0ea4f1ce8ef239a6fb9cdd2	EXACT	assets/battle/frames/goblin-rider/death-01.png	38473	a4d739b485ba09d9f0ea4f1ce8ef239a6fb9cdd2	경로별 프레임 대응.
battle_frame	art/v2-style/animation-test-frames/goblin-rider/death-02.png	40488	1f6caf8a98152e62c166553913046d85bf80091a	EXACT	assets/battle/frames/goblin-rider/death-02.png	40488	1f6caf8a98152e62c166553913046d85bf80091a	경로별 프레임 대응.
battle_frame	art/v2-style/animation-test-frames/goblin-rider/death-03.png	29422	fb38cf2ea173a18d9163e8db8ec124ae8e76817e	EXACT	assets/battle/frames/goblin-rider/death-03.png	29422	fb38cf2ea173a18d9163e8db8ec124ae8e76817e	경로별 프레임 대응.
battle_frame	art/v2-style/animation-test-frames/goblin-rider/death-04.png	29423	a99d54478a5c634775213ae62ca5be08da220a48	EXACT	assets/battle/frames/goblin-rider/death-04.png	29423	a99d54478a5c634775213ae62ca5be08da220a48	경로별 프레임 대응.
battle_frame	art/v2-style/animation-test-frames/goblin-rider/death-05.png	28333	9ec7d9d3f5fb09fd085b3c9033abc98a8d1ac3c5	EXACT	assets/battle/frames/goblin-rider/death-05.png	28333	9ec7d9d3f5fb09fd085b3c9033abc98a8d1ac3c5	경로별 프레임 대응.
battle_frame	art/v2-style/animation-test-frames/goblin-rider/hit-01.png	38281	bce0cd0a6472878d5a577382e2fea8e96d80f23b	EXACT	assets/battle/frames/goblin-rider/hit-01.png	38281	bce0cd0a6472878d5a577382e2fea8e96d80f23b	경로별 프레임 대응.
battle_frame	art/v2-style/animation-test-frames/goblin-rider/hit-02.png	38709	7639b85f0c05ad644e615140b6dad5c316ca2467	EXACT	assets/battle/frames/goblin-rider/hit-02.png	38709	7639b85f0c05ad644e615140b6dad5c316ca2467	경로별 프레임 대응.
battle_frame	art/v2-style/animation-test-frames/goblin-rider/hit-03.png	38279	0f11c27a1dd8f3bae74c714ba35586a10854cebf	EXACT	assets/battle/frames/goblin-rider/hit-03.png	38279	0f11c27a1dd8f3bae74c714ba35586a10854cebf	경로별 프레임 대응.
battle_frame	art/v2-style/animation-test-frames/goblin-rider/hit-04.png	38621	619d864cdaf2a107edc72ed7e6ab139f45dc3bf2	EXACT	assets/battle/frames/goblin-rider/hit-04.png	38621	619d864cdaf2a107edc72ed7e6ab139f45dc3bf2	경로별 프레임 대응.
battle_frame	art/v2-style/animation-test-frames/grave-priest/attack-01.png	38261	760f99b000d6860093645b52157f5351afc345f7	EXACT	assets/battle/frames/grave-priest/attack-01.png	38261	760f99b000d6860093645b52157f5351afc345f7	경로별 프레임 대응.
battle_frame	art/v2-style/animation-test-frames/grave-priest/attack-02.png	39432	cb1bbddba0198ddbda45f40f2b8b6c1b5a62f5bb	EXACT	assets/battle/frames/grave-priest/attack-02.png	39432	cb1bbddba0198ddbda45f40f2b8b6c1b5a62f5bb	경로별 프레임 대응.
battle_frame	art/v2-style/animation-test-frames/grave-priest/attack-03.png	35675	e57173dd420f0cf20a6700fd62ae62452605425b	EXACT	assets/battle/frames/grave-priest/attack-03.png	35675	e57173dd420f0cf20a6700fd62ae62452605425b	경로별 프레임 대응.
battle_frame	art/v2-style/animation-test-frames/grave-priest/attack-04.png	35981	e101e734f3efc017ecfc65edef7c3b0d038e2fb6	EXACT	assets/battle/frames/grave-priest/attack-04.png	35981	e101e734f3efc017ecfc65edef7c3b0d038e2fb6	경로별 프레임 대응.
battle_frame	art/v2-style/animation-test-frames/grave-priest/attack-05.png	38498	8d3d7dc398ee0e4edc3769f48e63ad060dda34fc	EXACT	assets/battle/frames/grave-priest/attack-05.png	38498	8d3d7dc398ee0e4edc3769f48e63ad060dda34fc	경로별 프레임 대응.
battle_frame	art/v2-style/animation-test-frames/grave-priest/death-01.png	40310	7a2f544cb06720372f4fbff8cf543bf8c46dc7de	EXACT	assets/battle/frames/grave-priest/death-01.png	40310	7a2f544cb06720372f4fbff8cf543bf8c46dc7de	경로별 프레임 대응.
battle_frame	art/v2-style/animation-test-frames/grave-priest/death-02.png	34900	99a28441c239b48d3bec8edc3c5140bccc39119d	EXACT	assets/battle/frames/grave-priest/death-02.png	34900	99a28441c239b48d3bec8edc3c5140bccc39119d	경로별 프레임 대응.
battle_frame	art/v2-style/animation-test-frames/grave-priest/death-03.png	23838	b485b1d7e95bd637277063886c1adf8b2d813afa	EXACT	assets/battle/frames/grave-priest/death-03.png	23838	b485b1d7e95bd637277063886c1adf8b2d813afa	경로별 프레임 대응.
battle_frame	art/v2-style/animation-test-frames/grave-priest/death-04.png	20157	3186335cc0bdf960546059f848eb2e0060018eb5	EXACT	assets/battle/frames/grave-priest/death-04.png	20157	3186335cc0bdf960546059f848eb2e0060018eb5	경로별 프레임 대응.
battle_frame	art/v2-style/animation-test-frames/grave-priest/death-05.png	19819	5c0926ad90f75fa3df55cf2e8edd63cc96c898a3	EXACT	assets/battle/frames/grave-priest/death-05.png	19819	5c0926ad90f75fa3df55cf2e8edd63cc96c898a3	경로별 프레임 대응.
battle_frame	art/v2-style/animation-test-frames/grave-priest/death-06.png	10545	8b77a1905c2123b7f48914ef449a98e9eb0f1c3a	EXACT	assets/battle/frames/grave-priest/death-06.png	10545	8b77a1905c2123b7f48914ef449a98e9eb0f1c3a	경로별 프레임 대응.
battle_frame	art/v2-style/animation-test-frames/grave-priest/hit-01.png	43088	6cb324e6fc2e4e260cce7abe4f55535614468654	EXACT	assets/battle/frames/grave-priest/hit-01.png	43088	6cb324e6fc2e4e260cce7abe4f55535614468654	경로별 프레임 대응.
battle_frame	art/v2-style/animation-test-frames/grave-priest/hit-02.png	44073	e181da04aa5152c60792bc882004a1ffa93cc2d9	EXACT	assets/battle/frames/grave-priest/hit-02.png	44073	e181da04aa5152c60792bc882004a1ffa93cc2d9	경로별 프레임 대응.
battle_frame	art/v2-style/animation-test-frames/grave-priest/hit-03.png	34394	5c9fe7b0fc5915d8f0024edd46a3d07fba21a45b	EXACT	assets/battle/frames/grave-priest/hit-03.png	34394	5c9fe7b0fc5915d8f0024edd46a3d07fba21a45b	경로별 프레임 대응.
battle_frame	art/v2-style/animation-test-frames/grave-priest/hit-04.png	33549	5386aa744793dc5e0dc8475527922c0326728a77	EXACT	assets/battle/frames/grave-priest/hit-04.png	33549	5386aa744793dc5e0dc8475527922c0326728a77	경로별 프레임 대응.
battle_frame	art/v2-style/animation-test-frames/grave-worm/attack-01.png	66991	f36f43fc64991ebe5239e894f771e24d21d1ee82	EXACT	assets/battle/frames/grave-worm/attack-01.png	66991	f36f43fc64991ebe5239e894f771e24d21d1ee82	경로별 프레임 대응.
battle_frame	art/v2-style/animation-test-frames/grave-worm/attack-02.png	67271	031fad97e693c3e3e068a06e84014a60ae28648b	EXACT	assets/battle/frames/grave-worm/attack-02.png	67271	031fad97e693c3e3e068a06e84014a60ae28648b	경로별 프레임 대응.
battle_frame	art/v2-style/animation-test-frames/grave-worm/attack-03.png	57314	32b11a25b9af94b85bdc8dfee203107d195d38b1	EXACT	assets/battle/frames/grave-worm/attack-03.png	57314	32b11a25b9af94b85bdc8dfee203107d195d38b1	경로별 프레임 대응.
battle_frame	art/v2-style/animation-test-frames/grave-worm/attack-04.png	56960	d3fe053267b2a8e410dd3b018f59c6477c8bcee1	EXACT	assets/battle/frames/grave-worm/attack-04.png	56960	d3fe053267b2a8e410dd3b018f59c6477c8bcee1	경로별 프레임 대응.
battle_frame	art/v2-style/animation-test-frames/grave-worm/attack-05.png	66663	e0356bb61bf65fd14cf7727c38c7586ebf42af2e	EXACT	assets/battle/frames/grave-worm/attack-05.png	66663	e0356bb61bf65fd14cf7727c38c7586ebf42af2e	경로별 프레임 대응.
battle_frame	art/v2-style/animation-test-frames/grave-worm/death-01.png	41513	9643e61fa9b27624f2fd3d230f58cc96f48ff41b	EXACT	assets/battle/frames/grave-worm/death-01.png	41513	9643e61fa9b27624f2fd3d230f58cc96f48ff41b	경로별 프레임 대응.
battle_frame	art/v2-style/animation-test-frames/grave-worm/death-02.png	35482	bbbf2ded2a162f120458c9ed6efa5da78bf2fef7	EXACT	assets/battle/frames/grave-worm/death-02.png	35482	bbbf2ded2a162f120458c9ed6efa5da78bf2fef7	경로별 프레임 대응.
battle_frame	art/v2-style/animation-test-frames/grave-worm/death-03.png	35634	42aba95c2cdacabfa7d6edbad859a0ad1ea36e3a	EXACT	assets/battle/frames/grave-worm/death-03.png	35634	42aba95c2cdacabfa7d6edbad859a0ad1ea36e3a	경로별 프레임 대응.
battle_frame	art/v2-style/animation-test-frames/grave-worm/death-04.png	36018	5e51c589100224511b5ade1017af37d56e835d98	EXACT	assets/battle/frames/grave-worm/death-04.png	36018	5e51c589100224511b5ade1017af37d56e835d98	경로별 프레임 대응.
battle_frame	art/v2-style/animation-test-frames/grave-worm/death-05.png	21004	a3129ee7d693f332395c4d484b679f8841619958	EXACT	assets/battle/frames/grave-worm/death-05.png	21004	a3129ee7d693f332395c4d484b679f8841619958	경로별 프레임 대응.
battle_frame	art/v2-style/animation-test-frames/grave-worm/death-06.png	21089	a5bd274397f3d1197a8a102b1f694d4799a8931e	EXACT	assets/battle/frames/grave-worm/death-06.png	21089	a5bd274397f3d1197a8a102b1f694d4799a8931e	경로별 프레임 대응.
battle_frame	art/v2-style/animation-test-frames/grave-worm/hit-01.png	57612	edf3d694da664ef0a8a2520c01175e74bf62f010	EXACT	assets/battle/frames/grave-worm/hit-01.png	57612	edf3d694da664ef0a8a2520c01175e74bf62f010	경로별 프레임 대응.
battle_frame	art/v2-style/animation-test-frames/grave-worm/hit-02.png	59395	73d4e92748b94ee88f3cb9853e1781c88d0d52be	EXACT	assets/battle/frames/grave-worm/hit-02.png	59395	73d4e92748b94ee88f3cb9853e1781c88d0d52be	경로별 프레임 대응.
battle_frame	art/v2-style/animation-test-frames/grave-worm/hit-03.png	51643	8aeeb77e2e0be0ebc5db9c62cceb5696c8b4bffa	EXACT	assets/battle/frames/grave-worm/hit-03.png	51643	8aeeb77e2e0be0ebc5db9c62cceb5696c8b4bffa	경로별 프레임 대응.
battle_frame	art/v2-style/animation-test-frames/grave-worm/hit-04.png	57076	b2f16d9532554e75aad6d46e3430899c4e18d459	EXACT	assets/battle/frames/grave-worm/hit-04.png	57076	b2f16d9532554e75aad6d46e3430899c4e18d459	경로별 프레임 대응.
battle_frame	art/v2-style/animation-test-frames/ice-lord/attack-01.png	47723	3567c8f3a81568e63a202e3fd91408c964c7b92d	EXACT	assets/battle/frames/ice-lord/attack-01.png	47723	3567c8f3a81568e63a202e3fd91408c964c7b92d	경로별 프레임 대응.
battle_frame	art/v2-style/animation-test-frames/ice-lord/attack-02.png	42753	87732d434d4dde10babc76acbcf8b06c73d65dba	EXACT	assets/battle/frames/ice-lord/attack-02.png	42753	87732d434d4dde10babc76acbcf8b06c73d65dba	경로별 프레임 대응.
battle_frame	art/v2-style/animation-test-frames/ice-lord/attack-03.png	38249	7d46729679dfbf9cf12d3863be66fd2bc3fdd3e8	EXACT	assets/battle/frames/ice-lord/attack-03.png	38249	7d46729679dfbf9cf12d3863be66fd2bc3fdd3e8	경로별 프레임 대응.
battle_frame	art/v2-style/animation-test-frames/ice-lord/attack-04.png	39759	c697f9f5fe7bd0e36e12b9361b73add328ee3c5d	EXACT	assets/battle/frames/ice-lord/attack-04.png	39759	c697f9f5fe7bd0e36e12b9361b73add328ee3c5d	경로별 프레임 대응.
battle_frame	art/v2-style/animation-test-frames/ice-lord/attack-05.png	48799	e7be6bdd989c6c66095cec1b38634579f6f18d15	EXACT	assets/battle/frames/ice-lord/attack-05.png	48799	e7be6bdd989c6c66095cec1b38634579f6f18d15	경로별 프레임 대응.
battle_frame	art/v2-style/animation-test-frames/ice-lord/death-01.png	39012	231a1ba324715b0ff1c89e74c735f75bcf41021e	EXACT	assets/battle/frames/ice-lord/death-01.png	39012	231a1ba324715b0ff1c89e74c735f75bcf41021e	경로별 프레임 대응.
battle_frame	art/v2-style/animation-test-frames/ice-lord/death-02.png	35008	41406884994374d78af39565280a1e93bc47a75a	EXACT	assets/battle/frames/ice-lord/death-02.png	35008	41406884994374d78af39565280a1e93bc47a75a	경로별 프레임 대응.
battle_frame	art/v2-style/animation-test-frames/ice-lord/death-03.png	24431	c04a239eae9f3f9ccb5587d6edbbf036c62f4655	EXACT	assets/battle/frames/ice-lord/death-03.png	24431	c04a239eae9f3f9ccb5587d6edbbf036c62f4655	경로별 프레임 대응.
battle_frame	art/v2-style/animation-test-frames/ice-lord/death-04.png	20459	3dea5021b22cb8648dcda116e3abbc46bdc566a0	EXACT	assets/battle/frames/ice-lord/death-04.png	20459	3dea5021b22cb8648dcda116e3abbc46bdc566a0	경로별 프레임 대응.
battle_frame	art/v2-style/animation-test-frames/ice-lord/death-05.png	26022	e1cfb9898d526bacff524dcfc252f9de96d75a73	EXACT	assets/battle/frames/ice-lord/death-05.png	26022	e1cfb9898d526bacff524dcfc252f9de96d75a73	경로별 프레임 대응.
battle_frame	art/v2-style/animation-test-frames/ice-lord/death-06.png	27052	40a158ab71c7439297a010b4518fcf5518febc1e	EXACT	assets/battle/frames/ice-lord/death-06.png	27052	40a158ab71c7439297a010b4518fcf5518febc1e	경로별 프레임 대응.
battle_frame	art/v2-style/animation-test-frames/ice-lord/hit-01.png	49554	290f7815dc3458c5e93c7bc035844aef486ffd82	EXACT	assets/battle/frames/ice-lord/hit-01.png	49554	290f7815dc3458c5e93c7bc035844aef486ffd82	경로별 프레임 대응.
battle_frame	art/v2-style/animation-test-frames/ice-lord/hit-02.png	45574	dcd780db4f5cf251f10400e06be7cc053392dd11	EXACT	assets/battle/frames/ice-lord/hit-02.png	45574	dcd780db4f5cf251f10400e06be7cc053392dd11	경로별 프레임 대응.
battle_frame	art/v2-style/animation-test-frames/ice-lord/hit-03.png	44873	891cf3795b2ec0615de879f5c40847ba5735a3fd	EXACT	assets/battle/frames/ice-lord/hit-03.png	44873	891cf3795b2ec0615de879f5c40847ba5735a3fd	경로별 프레임 대응.
battle_frame	art/v2-style/animation-test-frames/ice-lord/hit-04.png	43653	635f502c5c1d164f1209798a350cb1295aa711b3	EXACT	assets/battle/frames/ice-lord/hit-04.png	43653	635f502c5c1d164f1209798a350cb1295aa711b3	경로별 프레임 대응.
battle_frame	art/v2-style/animation-test-frames/kraken/attack-01.png	33168	09d3eabc4ec13edd0ded006e8ec696d12f17e3fb	EXACT	assets/battle/frames/kraken/attack-01.png	33168	09d3eabc4ec13edd0ded006e8ec696d12f17e3fb	경로별 프레임 대응.
battle_frame	art/v2-style/animation-test-frames/kraken/attack-02.png	34645	c4ceb2c2ee26cfc28a7e0c1c38ede9e013e09163	EXACT	assets/battle/frames/kraken/attack-02.png	34645	c4ceb2c2ee26cfc28a7e0c1c38ede9e013e09163	경로별 프레임 대응.
battle_frame	art/v2-style/animation-test-frames/kraken/attack-03.png	41905	ac5ac34aa0fd325f8ecc1cdac990e4112a5f93bd	EXACT	assets/battle/frames/kraken/attack-03.png	41905	ac5ac34aa0fd325f8ecc1cdac990e4112a5f93bd	경로별 프레임 대응.
battle_frame	art/v2-style/animation-test-frames/kraken/attack-04.png	42703	6b58d8f56ec4d638d87a60122cae928de31bbaee	EXACT	assets/battle/frames/kraken/attack-04.png	42703	6b58d8f56ec4d638d87a60122cae928de31bbaee	경로별 프레임 대응.
battle_frame	art/v2-style/animation-test-frames/kraken/attack-05.png	33243	af22c62f021ceab5531ffdae92b5297f1aba7fc1	EXACT	assets/battle/frames/kraken/attack-05.png	33243	af22c62f021ceab5531ffdae92b5297f1aba7fc1	경로별 프레임 대응.
battle_frame	art/v2-style/animation-test-frames/kraken/death-01.png	29917	6858db89ac487c53d27ed924ebc3ee8ae608b7fb	EXACT	assets/battle/frames/kraken/death-01.png	29917	6858db89ac487c53d27ed924ebc3ee8ae608b7fb	경로별 프레임 대응.
battle_frame	art/v2-style/animation-test-frames/kraken/death-02.png	26043	5ee0292c076c01263416df2c33927acb2dcc82aa	EXACT	assets/battle/frames/kraken/death-02.png	26043	5ee0292c076c01263416df2c33927acb2dcc82aa	경로별 프레임 대응.
battle_frame	art/v2-style/animation-test-frames/kraken/death-03.png	26558	82bc2092a4339bbdab838da43b67f5ba219fe941	EXACT	assets/battle/frames/kraken/death-03.png	26558	82bc2092a4339bbdab838da43b67f5ba219fe941	경로별 프레임 대응.
battle_frame	art/v2-style/animation-test-frames/kraken/death-04.png	22258	1073241a1eb2d2d8c51952941a87d2913a3bb82d	EXACT	assets/battle/frames/kraken/death-04.png	22258	1073241a1eb2d2d8c51952941a87d2913a3bb82d	경로별 프레임 대응.
battle_frame	art/v2-style/animation-test-frames/kraken/death-05.png	14937	0e4a6a76fcda4a6eaf7648b72d672817373ded94	EXACT	assets/battle/frames/kraken/death-05.png	14937	0e4a6a76fcda4a6eaf7648b72d672817373ded94	경로별 프레임 대응.
battle_frame	art/v2-style/animation-test-frames/kraken/death-06.png	14038	6bfcf093d254f612c5f879dfd707ee5a7bedd790	EXACT	assets/battle/frames/kraken/death-06.png	14038	6bfcf093d254f612c5f879dfd707ee5a7bedd790	경로별 프레임 대응.
battle_frame	art/v2-style/animation-test-frames/kraken/hit-01.png	34509	688f252538e86c5fd20efb9a86e5d73f31e5f979	EXACT	assets/battle/frames/kraken/hit-01.png	34509	688f252538e86c5fd20efb9a86e5d73f31e5f979	경로별 프레임 대응.
battle_frame	art/v2-style/animation-test-frames/kraken/hit-02.png	39260	4554b68b53b692c138bce9e93ff2e8b0933da4db	EXACT	assets/battle/frames/kraken/hit-02.png	39260	4554b68b53b692c138bce9e93ff2e8b0933da4db	경로별 프레임 대응.
battle_frame	art/v2-style/animation-test-frames/kraken/hit-03.png	35007	ca184190a1e76878fb5b0f52b3f4e2c6feb41c9c	EXACT	assets/battle/frames/kraken/hit-03.png	35007	ca184190a1e76878fb5b0f52b3f4e2c6feb41c9c	경로별 프레임 대응.
battle_frame	art/v2-style/animation-test-frames/kraken/hit-04.png	31152	ffc92cd7e49a7f631a78357d31502d2c34319644	EXACT	assets/battle/frames/kraken/hit-04.png	31152	ffc92cd7e49a7f631a78357d31502d2c34319644	경로별 프레임 대응.
battle_frame	art/v2-style/animation-test-frames/mimic/attack-01.png	54354	a09bec6c744b02cba1e885e58c1eaa5bcadc6066	EXACT	assets/battle/frames/mimic/attack-01.png	54354	a09bec6c744b02cba1e885e58c1eaa5bcadc6066	경로별 프레임 대응.
battle_frame	art/v2-style/animation-test-frames/mimic/attack-02.png	57200	8d9a32bcc4019bd7ee8b7b83c4611307cfa8d4af	EXACT	assets/battle/frames/mimic/attack-02.png	57200	8d9a32bcc4019bd7ee8b7b83c4611307cfa8d4af	경로별 프레임 대응.
battle_frame	art/v2-style/animation-test-frames/mimic/attack-03.png	58250	9a1faf0d4bbfaa49dbbf0f4cd6f79f5cd598f8d8	EXACT	assets/battle/frames/mimic/attack-03.png	58250	9a1faf0d4bbfaa49dbbf0f4cd6f79f5cd598f8d8	경로별 프레임 대응.
battle_frame	art/v2-style/animation-test-frames/mimic/attack-04.png	67668	22bded71a3d3fa686d2009c89a5778124d640ce0	EXACT	assets/battle/frames/mimic/attack-04.png	67668	22bded71a3d3fa686d2009c89a5778124d640ce0	경로별 프레임 대응.
battle_frame	art/v2-style/animation-test-frames/mimic/attack-05.png	54167	e7f543e9704ee93e5d9842ae92c07f526a06c740	EXACT	assets/battle/frames/mimic/attack-05.png	54167	e7f543e9704ee93e5d9842ae92c07f526a06c740	경로별 프레임 대응.
battle_frame	art/v2-style/animation-test-frames/mimic/death-01.png	42624	a5304a6f6bc6bcaee94aa9f90b54012d33f80447	EXACT	assets/battle/frames/mimic/death-01.png	42624	a5304a6f6bc6bcaee94aa9f90b54012d33f80447	경로별 프레임 대응.
battle_frame	art/v2-style/animation-test-frames/mimic/death-02.png	36076	edfbab03e2f96845bec005d18355a820b3997a57	EXACT	assets/battle/frames/mimic/death-02.png	36076	edfbab03e2f96845bec005d18355a820b3997a57	경로별 프레임 대응.
battle_frame	art/v2-style/animation-test-frames/mimic/death-03.png	35985	3d5520ff4127393ae79484cc8f46c382c99b7f47	EXACT	assets/battle/frames/mimic/death-03.png	35985	3d5520ff4127393ae79484cc8f46c382c99b7f47	경로별 프레임 대응.
battle_frame	art/v2-style/animation-test-frames/mimic/death-04.png	26141	f2787330f1a7c371fd359396d0655fe784c86b23	EXACT	assets/battle/frames/mimic/death-04.png	26141	f2787330f1a7c371fd359396d0655fe784c86b23	경로별 프레임 대응.
battle_frame	art/v2-style/animation-test-frames/mimic/death-05.png	16774	9dcf8b0af27e966344d19ae34baae3a8b73fa8ae	EXACT	assets/battle/frames/mimic/death-05.png	16774	9dcf8b0af27e966344d19ae34baae3a8b73fa8ae	경로별 프레임 대응.
battle_frame	art/v2-style/animation-test-frames/mimic/death-06.png	21968	1807aa1511d8f486363091ec7e2f67461fa69dcc	EXACT	assets/battle/frames/mimic/death-06.png	21968	1807aa1511d8f486363091ec7e2f67461fa69dcc	경로별 프레임 대응.
battle_frame	art/v2-style/animation-test-frames/mimic/hit-01.png	47591	d6b7b24d20e352485b25908f6be7be4babd9338d	EXACT	assets/battle/frames/mimic/hit-01.png	47591	d6b7b24d20e352485b25908f6be7be4babd9338d	경로별 프레임 대응.
battle_frame	art/v2-style/animation-test-frames/mimic/hit-02.png	45359	3f979226fe789c75fcbaf6c35f5c3e441da2d035	EXACT	assets/battle/frames/mimic/hit-02.png	45359	3f979226fe789c75fcbaf6c35f5c3e441da2d035	경로별 프레임 대응.
battle_frame	art/v2-style/animation-test-frames/mimic/hit-03.png	44023	caae36018b1f64347df1cf5a90428bc56f885f40	EXACT	assets/battle/frames/mimic/hit-03.png	44023	caae36018b1f64347df1cf5a90428bc56f885f40	경로별 프레임 대응.
battle_frame	art/v2-style/animation-test-frames/mimic/hit-04.png	39759	9e4ba377fa28403f20243d862db73aeb89ebd971	EXACT	assets/battle/frames/mimic/hit-04.png	39759	9e4ba377fa28403f20243d862db73aeb89ebd971	경로별 프레임 대응.
battle_frame	art/v2-style/animation-test-frames/minotaur/attack-01.png	65568	22f4726d865f5c41efef0e9c070d93f72a216233	EXACT	assets/battle/frames/minotaur/attack-01.png	65568	22f4726d865f5c41efef0e9c070d93f72a216233	경로별 프레임 대응.
battle_frame	art/v2-style/animation-test-frames/minotaur/attack-02.png	56520	32406693a0ccbf4cb2e18e1bc8e2c36d185a9011	EXACT	assets/battle/frames/minotaur/attack-02.png	56520	32406693a0ccbf4cb2e18e1bc8e2c36d185a9011	경로별 프레임 대응.
battle_frame	art/v2-style/animation-test-frames/minotaur/attack-03.png	56662	e2b2e06e388b833300aa06a2febbdb5d784981a4	EXACT	assets/battle/frames/minotaur/attack-03.png	56662	e2b2e06e388b833300aa06a2febbdb5d784981a4	경로별 프레임 대응.
battle_frame	art/v2-style/animation-test-frames/minotaur/attack-04.png	50965	2e98523557587d86252f026a7a386e769b9994b0	EXACT	assets/battle/frames/minotaur/attack-04.png	50965	2e98523557587d86252f026a7a386e769b9994b0	경로별 프레임 대응.
battle_frame	art/v2-style/animation-test-frames/minotaur/attack-05.png	56717	df8633218cb2905fe3202f2ee2778d112ccbcad7	EXACT	assets/battle/frames/minotaur/attack-05.png	56717	df8633218cb2905fe3202f2ee2778d112ccbcad7	경로별 프레임 대응.
battle_frame	art/v2-style/animation-test-frames/minotaur/attack-06.png	65568	22f4726d865f5c41efef0e9c070d93f72a216233	EXACT	assets/battle/frames/minotaur/attack-06.png	65568	22f4726d865f5c41efef0e9c070d93f72a216233	경로별 프레임 대응.
battle_frame	art/v2-style/animation-test-frames/minotaur/death-01.png	47337	0a6ef287f1e526b7f1971e324d474af0a213140a	EXACT	assets/battle/frames/minotaur/death-01.png	47337	0a6ef287f1e526b7f1971e324d474af0a213140a	경로별 프레임 대응.
battle_frame	art/v2-style/animation-test-frames/minotaur/death-02.png	41523	70a4db796b298c84adff40bd66b7b46f8a3616b5	EXACT	assets/battle/frames/minotaur/death-02.png	41523	70a4db796b298c84adff40bd66b7b46f8a3616b5	경로별 프레임 대응.
battle_frame	art/v2-style/animation-test-frames/minotaur/death-03.png	25452	c6e541ab5547952f0a79f89fad930a22cc98b8c1	EXACT	assets/battle/frames/minotaur/death-03.png	25452	c6e541ab5547952f0a79f89fad930a22cc98b8c1	경로별 프레임 대응.
battle_frame	art/v2-style/animation-test-frames/minotaur/death-04.png	32407	9835882ffa1b04718063613816a044d1c62526a9	EXACT	assets/battle/frames/minotaur/death-04.png	32407	9835882ffa1b04718063613816a044d1c62526a9	경로별 프레임 대응.
battle_frame	art/v2-style/animation-test-frames/minotaur/death-05.png	38386	90ebc2ab02cfb6baf0184e58c1d278270c3bc470	EXACT	assets/battle/frames/minotaur/death-05.png	38386	90ebc2ab02cfb6baf0184e58c1d278270c3bc470	경로별 프레임 대응.
battle_frame	art/v2-style/animation-test-frames/minotaur/death-06.png	33403	81bf41c2712542bb555091e054c9ed612cfe0e93	EXACT	assets/battle/frames/minotaur/death-06.png	33403	81bf41c2712542bb555091e054c9ed612cfe0e93	경로별 프레임 대응.
battle_frame	art/v2-style/animation-test-frames/minotaur/hit-01.png	56790	a09c3708b3f59ec1d691f21ce3d7b6566e77078e	EXACT	assets/battle/frames/minotaur/hit-01.png	56790	a09c3708b3f59ec1d691f21ce3d7b6566e77078e	경로별 프레임 대응.
battle_frame	art/v2-style/animation-test-frames/minotaur/hit-02.png	52094	98bf4c86cb4da2542410e2e8d02379dcdfeecd11	EXACT	assets/battle/frames/minotaur/hit-02.png	52094	98bf4c86cb4da2542410e2e8d02379dcdfeecd11	경로별 프레임 대응.
battle_frame	art/v2-style/animation-test-frames/minotaur/hit-03.png	50989	4a22c71a2816b9b73313f637abfe73bdf29b6785	EXACT	assets/battle/frames/minotaur/hit-03.png	50989	4a22c71a2816b9b73313f637abfe73bdf29b6785	경로별 프레임 대응.
battle_frame	art/v2-style/animation-test-frames/minotaur/hit-04.png	53417	78cb963dc81aa78f810ca81880b5af5fcfebc459	EXACT	assets/battle/frames/minotaur/hit-04.png	53417	78cb963dc81aa78f810ca81880b5af5fcfebc459	경로별 프레임 대응.
battle_frame	art/v2-style/animation-test-frames/mummy-guardian/attack-01.png	36727	7ee8a4daa5b861328566148ea9be62471acfd8b0	EXACT	assets/battle/frames/mummy-guardian/attack-01.png	36727	7ee8a4daa5b861328566148ea9be62471acfd8b0	경로별 프레임 대응.
battle_frame	art/v2-style/animation-test-frames/mummy-guardian/attack-02.png	41969	61978b6ed1c45a99608b2a854a0ae2ef17607af8	EXACT	assets/battle/frames/mummy-guardian/attack-02.png	41969	61978b6ed1c45a99608b2a854a0ae2ef17607af8	경로별 프레임 대응.
battle_frame	art/v2-style/animation-test-frames/mummy-guardian/attack-03.png	40465	b9364ffa4ce997899ab91991c509c41703cf0ba0	EXACT	assets/battle/frames/mummy-guardian/attack-03.png	40465	b9364ffa4ce997899ab91991c509c41703cf0ba0	경로별 프레임 대응.
battle_frame	art/v2-style/animation-test-frames/mummy-guardian/attack-04.png	39571	d3d6204634f0408de4ece8c881f9161039a1228c	EXACT	assets/battle/frames/mummy-guardian/attack-04.png	39571	d3d6204634f0408de4ece8c881f9161039a1228c	경로별 프레임 대응.
battle_frame	art/v2-style/animation-test-frames/mummy-guardian/attack-05.png	36805	a7f12d704a70c9c50ff50895ae582925c2be1087	EXACT	assets/battle/frames/mummy-guardian/attack-05.png	36805	a7f12d704a70c9c50ff50895ae582925c2be1087	경로별 프레임 대응.
battle_frame	art/v2-style/animation-test-frames/mummy-guardian/death-01.png	39366	14e9547faedc1f392efb21a575fc8922a1586e0a	EXACT	assets/battle/frames/mummy-guardian/death-01.png	39366	14e9547faedc1f392efb21a575fc8922a1586e0a	경로별 프레임 대응.
battle_frame	art/v2-style/animation-test-frames/mummy-guardian/death-02.png	49797	10515852c63d99a91a4d843ad3c9e0815e99d81d	EXACT	assets/battle/frames/mummy-guardian/death-02.png	49797	10515852c63d99a91a4d843ad3c9e0815e99d81d	경로별 프레임 대응.
battle_frame	art/v2-style/animation-test-frames/mummy-guardian/death-03.png	56230	9727f6826cfcb88349a9864cfb3e4de94e41a38f	EXACT	assets/battle/frames/mummy-guardian/death-03.png	56230	9727f6826cfcb88349a9864cfb3e4de94e41a38f	경로별 프레임 대응.
battle_frame	art/v2-style/animation-test-frames/mummy-guardian/death-04.png	41319	1d1c5b24df575c63185424965627ef46ba9787b1	EXACT	assets/battle/frames/mummy-guardian/death-04.png	41319	1d1c5b24df575c63185424965627ef46ba9787b1	경로별 프레임 대응.
battle_frame	art/v2-style/animation-test-frames/mummy-guardian/death-05.png	36903	55e942a6b590832cc678d392f8fbab8ccf87dfec	EXACT	assets/battle/frames/mummy-guardian/death-05.png	36903	55e942a6b590832cc678d392f8fbab8ccf87dfec	경로별 프레임 대응.
battle_frame	art/v2-style/animation-test-frames/mummy-guardian/hit-01.png	39830	36daf8301bed168fb03bbd2b0fba6cc75df8ce8a	EXACT	assets/battle/frames/mummy-guardian/hit-01.png	39830	36daf8301bed168fb03bbd2b0fba6cc75df8ce8a	경로별 프레임 대응.
battle_frame	art/v2-style/animation-test-frames/mummy-guardian/hit-02.png	41975	d417223b4e6f25b52f3d0830b750052a3621212f	EXACT	assets/battle/frames/mummy-guardian/hit-02.png	41975	d417223b4e6f25b52f3d0830b750052a3621212f	경로별 프레임 대응.
battle_frame	art/v2-style/animation-test-frames/mummy-guardian/hit-03.png	44946	f8a14a1b4358a58d058331e7504b5ad46ccb1bf3	EXACT	assets/battle/frames/mummy-guardian/hit-03.png	44946	f8a14a1b4358a58d058331e7504b5ad46ccb1bf3	경로별 프레임 대응.
battle_frame	art/v2-style/animation-test-frames/mummy-guardian/hit-04.png	37591	ce53dff9cb3d12a77343de3233510c98f8a375e6	EXACT	assets/battle/frames/mummy-guardian/hit-04.png	37591	ce53dff9cb3d12a77343de3233510c98f8a375e6	경로별 프레임 대응.
battle_frame	art/v2-style/animation-test-frames/mushroom-soldier/attack-01.png	32652	4264f56777da56ec273fe3f9bcbdb1069021a80c	EXACT	assets/battle/frames/mushroom-soldier/attack-01.png	32652	4264f56777da56ec273fe3f9bcbdb1069021a80c	경로별 프레임 대응.
battle_frame	art/v2-style/animation-test-frames/mushroom-soldier/attack-02.png	32437	eef86839e22f6288cdd99ae5fc8a87dae49cc5c9	EXACT	assets/battle/frames/mushroom-soldier/attack-02.png	32437	eef86839e22f6288cdd99ae5fc8a87dae49cc5c9	경로별 프레임 대응.
battle_frame	art/v2-style/animation-test-frames/mushroom-soldier/attack-03.png	32736	77dba8e722777f19028e514130d65d961949cfea	EXACT	assets/battle/frames/mushroom-soldier/attack-03.png	32736	77dba8e722777f19028e514130d65d961949cfea	경로별 프레임 대응.
battle_frame	art/v2-style/animation-test-frames/mushroom-soldier/attack-04.png	32676	ff07c472e79580d1246926907558d0157becc16c	EXACT	assets/battle/frames/mushroom-soldier/attack-04.png	32676	ff07c472e79580d1246926907558d0157becc16c	경로별 프레임 대응.
battle_frame	art/v2-style/animation-test-frames/mushroom-soldier/attack-05.png	32772	bca998e22ad7685f65f3f1c323bf7161f2e1c613	EXACT	assets/battle/frames/mushroom-soldier/attack-05.png	32772	bca998e22ad7685f65f3f1c323bf7161f2e1c613	경로별 프레임 대응.
battle_frame	art/v2-style/animation-test-frames/mushroom-soldier/death-01.png	26704	7f9ea6d3c444e6ebf8097c203816cdcbe88587b1	EXACT	assets/battle/frames/mushroom-soldier/death-01.png	26704	7f9ea6d3c444e6ebf8097c203816cdcbe88587b1	경로별 프레임 대응.
battle_frame	art/v2-style/animation-test-frames/mushroom-soldier/death-02.png	24051	3751bcb576ab5e5db8cd67e7e2070f91c4425f84	EXACT	assets/battle/frames/mushroom-soldier/death-02.png	24051	3751bcb576ab5e5db8cd67e7e2070f91c4425f84	경로별 프레임 대응.
battle_frame	art/v2-style/animation-test-frames/mushroom-soldier/death-03.png	23758	dfed8d352751831e7d509612ce1198735c1bc909	EXACT	assets/battle/frames/mushroom-soldier/death-03.png	23758	dfed8d352751831e7d509612ce1198735c1bc909	경로별 프레임 대응.
battle_frame	art/v2-style/animation-test-frames/mushroom-soldier/death-04.png	20259	7b877d86f89280ac4e5a32964653938c30af1438	EXACT	assets/battle/frames/mushroom-soldier/death-04.png	20259	7b877d86f89280ac4e5a32964653938c30af1438	경로별 프레임 대응.
battle_frame	art/v2-style/animation-test-frames/mushroom-soldier/death-05.png	13269	b6755524509de2d86620d1fe0350dae706730469	EXACT	assets/battle/frames/mushroom-soldier/death-05.png	13269	b6755524509de2d86620d1fe0350dae706730469	경로별 프레임 대응.
battle_frame	art/v2-style/animation-test-frames/mushroom-soldier/death-06.png	4024	2b0903fe1506e424fae36a2de53775a8d2e80fa3	EXACT	assets/battle/frames/mushroom-soldier/death-06.png	4024	2b0903fe1506e424fae36a2de53775a8d2e80fa3	경로별 프레임 대응.
battle_frame	art/v2-style/animation-test-frames/mushroom-soldier/hit-01.png	30659	d647ae851986b87bcb8cdecc26ab57b535d531c7	EXACT	assets/battle/frames/mushroom-soldier/hit-01.png	30659	d647ae851986b87bcb8cdecc26ab57b535d531c7	경로별 프레임 대응.
battle_frame	art/v2-style/animation-test-frames/mushroom-soldier/hit-02.png	27573	b3a3738c4a5fdf7aa83b91563e6ef1ae77e1b028	EXACT	assets/battle/frames/mushroom-soldier/hit-02.png	27573	b3a3738c4a5fdf7aa83b91563e6ef1ae77e1b028	경로별 프레임 대응.
battle_frame	art/v2-style/animation-test-frames/mushroom-soldier/hit-03.png	26521	39a34782640585378e1251b22f7a3f9ce16b3b3f	EXACT	assets/battle/frames/mushroom-soldier/hit-03.png	26521	39a34782640585378e1251b22f7a3f9ce16b3b3f	경로별 프레임 대응.
battle_frame	art/v2-style/animation-test-frames/mushroom-soldier/hit-04.png	28916	ae566b09afd7e81f71dbb8bcb0b8b98e3d30aa44	EXACT	assets/battle/frames/mushroom-soldier/hit-04.png	28916	ae566b09afd7e81f71dbb8bcb0b8b98e3d30aa44	경로별 프레임 대응.
battle_frame	art/v2-style/animation-test-frames/orc-warrior/attack-01.png	60362	56adac163c963c816eff38f24825382a1297f769	EXACT	assets/battle/frames/orc-warrior/attack-01.png	60362	56adac163c963c816eff38f24825382a1297f769	경로별 프레임 대응.
battle_frame	art/v2-style/animation-test-frames/orc-warrior/attack-02.png	48147	16ac55526cf63e3203433fda0b89e2a486972b42	EXACT	assets/battle/frames/orc-warrior/attack-02.png	48147	16ac55526cf63e3203433fda0b89e2a486972b42	경로별 프레임 대응.
battle_frame	art/v2-style/animation-test-frames/orc-warrior/attack-03.png	48999	45d802e22d2865eee61f50b3f4e0fe8b16084c13	EXACT	assets/battle/frames/orc-warrior/attack-03.png	48999	45d802e22d2865eee61f50b3f4e0fe8b16084c13	경로별 프레임 대응.
battle_frame	art/v2-style/animation-test-frames/orc-warrior/attack-04.png	54772	6214144b3e8abc5055ea62bd3f2348652ad844ec	EXACT	assets/battle/frames/orc-warrior/attack-04.png	54772	6214144b3e8abc5055ea62bd3f2348652ad844ec	경로별 프레임 대응.
battle_frame	art/v2-style/animation-test-frames/orc-warrior/attack-05.png	60049	b604497789a5bf58c4adc2933d2bbdd248265a51	EXACT	assets/battle/frames/orc-warrior/attack-05.png	60049	b604497789a5bf58c4adc2933d2bbdd248265a51	경로별 프레임 대응.
battle_frame	art/v2-style/animation-test-frames/orc-warrior/death-01.png	49872	51e3b356a70c8a49476b4b1f0c43d73f0e51b25a	EXACT	assets/battle/frames/orc-warrior/death-01.png	49872	51e3b356a70c8a49476b4b1f0c43d73f0e51b25a	경로별 프레임 대응.
battle_frame	art/v2-style/animation-test-frames/orc-warrior/death-02.png	46900	614b823da5e58fd6cfc21daea35017289db206ed	EXACT	assets/battle/frames/orc-warrior/death-02.png	46900	614b823da5e58fd6cfc21daea35017289db206ed	경로별 프레임 대응.
battle_frame	art/v2-style/animation-test-frames/orc-warrior/death-03.png	40464	d0716e3a5b5c928bc992952e86a9bb00efbb9d61	EXACT	assets/battle/frames/orc-warrior/death-03.png	40464	d0716e3a5b5c928bc992952e86a9bb00efbb9d61	경로별 프레임 대응.
battle_frame	art/v2-style/animation-test-frames/orc-warrior/death-04.png	35969	8f0a68d7b31ec4a21fe592d213951650fa57a262	EXACT	assets/battle/frames/orc-warrior/death-04.png	35969	8f0a68d7b31ec4a21fe592d213951650fa57a262	경로별 프레임 대응.
battle_frame	art/v2-style/animation-test-frames/orc-warrior/death-05.png	37631	93acc1836d5c5f5204eb5784d148287d26744766	EXACT	assets/battle/frames/orc-warrior/death-05.png	37631	93acc1836d5c5f5204eb5784d148287d26744766	경로별 프레임 대응.
battle_frame	art/v2-style/animation-test-frames/orc-warrior/hit-01.png	56184	5db1f44cfea9b4532b39f9b5ae80fa21062bb67c	EXACT	assets/battle/frames/orc-warrior/hit-01.png	56184	5db1f44cfea9b4532b39f9b5ae80fa21062bb67c	경로별 프레임 대응.
battle_frame	art/v2-style/animation-test-frames/orc-warrior/hit-02.png	50448	3431acfe95245adcec318b4ad9b311ed6a72db8d	EXACT	assets/battle/frames/orc-warrior/hit-02.png	50448	3431acfe95245adcec318b4ad9b311ed6a72db8d	경로별 프레임 대응.
battle_frame	art/v2-style/animation-test-frames/orc-warrior/hit-03.png	55051	427a646a06adc97f594aef82172ad0985b25e8f0	EXACT	assets/battle/frames/orc-warrior/hit-03.png	55051	427a646a06adc97f594aef82172ad0985b25e8f0	경로별 프레임 대응.
battle_frame	art/v2-style/animation-test-frames/orc-warrior/hit-04.png	56256	4f5e8a842dceca42309299e6a1f0143bb7995e5d	EXACT	assets/battle/frames/orc-warrior/hit-04.png	56256	4f5e8a842dceca42309299e6a1f0143bb7995e5d	경로별 프레임 대응.
battle_frame	art/v2-style/animation-test-frames/plague-doctor/attack-01.png	40916	449c92bab44eb1bd1b03c3b33a6b71051392ac9f	EXACT	assets/battle/frames/plague-doctor/attack-01.png	40916	449c92bab44eb1bd1b03c3b33a6b71051392ac9f	경로별 프레임 대응.
battle_frame	art/v2-style/animation-test-frames/plague-doctor/attack-02.png	35701	95b24222776c57020d2bbca274ee3214b5539849	EXACT	assets/battle/frames/plague-doctor/attack-02.png	35701	95b24222776c57020d2bbca274ee3214b5539849	경로별 프레임 대응.
battle_frame	art/v2-style/animation-test-frames/plague-doctor/attack-03.png	42356	a68bf14d9c38125f8fa87d9a1a443b5e202dcd3b	EXACT	assets/battle/frames/plague-doctor/attack-03.png	42356	a68bf14d9c38125f8fa87d9a1a443b5e202dcd3b	경로별 프레임 대응.
battle_frame	art/v2-style/animation-test-frames/plague-doctor/attack-04.png	36673	00ab4a1785df4d5ada663f007a25dfd6102560db	EXACT	assets/battle/frames/plague-doctor/attack-04.png	36673	00ab4a1785df4d5ada663f007a25dfd6102560db	경로별 프레임 대응.
battle_frame	art/v2-style/animation-test-frames/plague-doctor/attack-05.png	39493	f9c1e8ade0f4184647df9b61145a0b0ea2c21df9	EXACT	assets/battle/frames/plague-doctor/attack-05.png	39493	f9c1e8ade0f4184647df9b61145a0b0ea2c21df9	경로별 프레임 대응.
battle_frame	art/v2-style/animation-test-frames/plague-doctor/death-01.png	30127	bc4ca9c7b4b90fd5baa42e66d7c05f6c285d3528	EXACT	assets/battle/frames/plague-doctor/death-01.png	30127	bc4ca9c7b4b90fd5baa42e66d7c05f6c285d3528	경로별 프레임 대응.
battle_frame	art/v2-style/animation-test-frames/plague-doctor/death-02.png	32665	88091bc4ee0ba669691c4dfda7693914f09b9dd4	EXACT	assets/battle/frames/plague-doctor/death-02.png	32665	88091bc4ee0ba669691c4dfda7693914f09b9dd4	경로별 프레임 대응.
battle_frame	art/v2-style/animation-test-frames/plague-doctor/death-03.png	22553	e56c1b1a7d2ed71b6ed029c9bcd2d62fc4731ae4	EXACT	assets/battle/frames/plague-doctor/death-03.png	22553	e56c1b1a7d2ed71b6ed029c9bcd2d62fc4731ae4	경로별 프레임 대응.
battle_frame	art/v2-style/animation-test-frames/plague-doctor/death-04.png	23265	707b5d720728095b16d8e8dbeeef6e7c21c22cdb	EXACT	assets/battle/frames/plague-doctor/death-04.png	23265	707b5d720728095b16d8e8dbeeef6e7c21c22cdb	경로별 프레임 대응.
battle_frame	art/v2-style/animation-test-frames/plague-doctor/death-05.png	20311	a961830bd6ca76a1fc26728f02fe53494bcd77d6	EXACT	assets/battle/frames/plague-doctor/death-05.png	20311	a961830bd6ca76a1fc26728f02fe53494bcd77d6	경로별 프레임 대응.
battle_frame	art/v2-style/animation-test-frames/plague-doctor/hit-01.png	31023	0c472193a2c7d79e5c680cb73966b6c4bb10fcc9	EXACT	assets/battle/frames/plague-doctor/hit-01.png	31023	0c472193a2c7d79e5c680cb73966b6c4bb10fcc9	경로별 프레임 대응.
battle_frame	art/v2-style/animation-test-frames/plague-doctor/hit-02.png	34461	71e45ee45e7341a54bc9973ffb181768deb87d1f	EXACT	assets/battle/frames/plague-doctor/hit-02.png	34461	71e45ee45e7341a54bc9973ffb181768deb87d1f	경로별 프레임 대응.
battle_frame	art/v2-style/animation-test-frames/plague-doctor/hit-03.png	35046	b0fa55779d62355a1eedf50d0b4a97c42c2c85f9	EXACT	assets/battle/frames/plague-doctor/hit-03.png	35046	b0fa55779d62355a1eedf50d0b4a97c42c2c85f9	경로별 프레임 대응.
battle_frame	art/v2-style/animation-test-frames/plague-doctor/hit-04.png	32055	80621a6b672a04bfcf40cc01a5958373dafcccec	EXACT	assets/battle/frames/plague-doctor/hit-04.png	32055	80621a6b672a04bfcf40cc01a5958373dafcccec	경로별 프레임 대응.
battle_frame	art/v2-style/animation-test-frames/plague-frog/attack-01.png	49398	5e08e3ad60cdefac9eb35849d04a852ba5e04fb9	EXACT	assets/battle/frames/plague-frog/attack-01.png	49398	5e08e3ad60cdefac9eb35849d04a852ba5e04fb9	경로별 프레임 대응.
battle_frame	art/v2-style/animation-test-frames/plague-frog/attack-02.png	45916	cc3b25cae54ebb9a52e222a9728b2eac03397fe6	EXACT	assets/battle/frames/plague-frog/attack-02.png	45916	cc3b25cae54ebb9a52e222a9728b2eac03397fe6	경로별 프레임 대응.
battle_frame	art/v2-style/animation-test-frames/plague-frog/attack-03.png	49516	806894813b541a39210f3dd13890bad708fea760	EXACT	assets/battle/frames/plague-frog/attack-03.png	49516	806894813b541a39210f3dd13890bad708fea760	경로별 프레임 대응.
battle_frame	art/v2-style/animation-test-frames/plague-frog/attack-04.png	45158	0e25fef6b8c2fa4203da586f4a4893c605488f72	EXACT	assets/battle/frames/plague-frog/attack-04.png	45158	0e25fef6b8c2fa4203da586f4a4893c605488f72	경로별 프레임 대응.
battle_frame	art/v2-style/animation-test-frames/plague-frog/attack-05.png	43877	58d816b914e1f5fb4f2b4354ddb8f3c99973c83d	EXACT	assets/battle/frames/plague-frog/attack-05.png	43877	58d816b914e1f5fb4f2b4354ddb8f3c99973c83d	경로별 프레임 대응.
battle_frame	art/v2-style/animation-test-frames/plague-frog/death-01.png	43053	0c213cf8d52416a3765c3728492e5b03f69a54e4	EXACT	assets/battle/frames/plague-frog/death-01.png	43053	0c213cf8d52416a3765c3728492e5b03f69a54e4	경로별 프레임 대응.
battle_frame	art/v2-style/animation-test-frames/plague-frog/death-02.png	36842	72e75420d7db6af9e5b053498e3a2c72fbac0f90	EXACT	assets/battle/frames/plague-frog/death-02.png	36842	72e75420d7db6af9e5b053498e3a2c72fbac0f90	경로별 프레임 대응.
battle_frame	art/v2-style/animation-test-frames/plague-frog/death-03.png	38024	c073e0140bc7955fbee9ed7cfc4dd90250609275	EXACT	assets/battle/frames/plague-frog/death-03.png	38024	c073e0140bc7955fbee9ed7cfc4dd90250609275	경로별 프레임 대응.
battle_frame	art/v2-style/animation-test-frames/plague-frog/death-04.png	37999	6ebad6baca81a61c9b1872337caf691f70e9cce9	EXACT	assets/battle/frames/plague-frog/death-04.png	37999	6ebad6baca81a61c9b1872337caf691f70e9cce9	경로별 프레임 대응.
battle_frame	art/v2-style/animation-test-frames/plague-frog/death-05.png	32266	e8fda537093cb1b28cd47266a0f67ca635234636	EXACT	assets/battle/frames/plague-frog/death-05.png	32266	e8fda537093cb1b28cd47266a0f67ca635234636	경로별 프레임 대응.
battle_frame	art/v2-style/animation-test-frames/plague-frog/hit-01.png	39838	f02a4ecb8d29640dc3f690731838ed5d0d6a5273	EXACT	assets/battle/frames/plague-frog/hit-01.png	39838	f02a4ecb8d29640dc3f690731838ed5d0d6a5273	경로별 프레임 대응.
battle_frame	art/v2-style/animation-test-frames/plague-frog/hit-02.png	40551	e60751571efdac673aae3d3594fe068694fdd43a	EXACT	assets/battle/frames/plague-frog/hit-02.png	40551	e60751571efdac673aae3d3594fe068694fdd43a	경로별 프레임 대응.
battle_frame	art/v2-style/animation-test-frames/plague-frog/hit-03.png	36505	9118a286070f442215cd121c5a2963db8c84f568	EXACT	assets/battle/frames/plague-frog/hit-03.png	36505	9118a286070f442215cd121c5a2963db8c84f568	경로별 프레임 대응.
battle_frame	art/v2-style/animation-test-frames/plague-frog/hit-04.png	35546	afeb3311bb6fefc71bd940b05aa1e2b6c5625ad9	EXACT	assets/battle/frames/plague-frog/hit-04.png	35546	afeb3311bb6fefc71bd940b05aa1e2b6c5625ad9	경로별 프레임 대응.
battle_frame	art/v2-style/animation-test-frames/raging-treant/attack-01.png	55449	23dc26cdc676522e6379530a4925a1451fe3b7a0	EXACT	assets/battle/frames/raging-treant/attack-01.png	55449	23dc26cdc676522e6379530a4925a1451fe3b7a0	경로별 프레임 대응.
battle_frame	art/v2-style/animation-test-frames/raging-treant/attack-02.png	51203	0306e0b7059afd447ea1822fb7ec6fee0571be1c	EXACT	assets/battle/frames/raging-treant/attack-02.png	51203	0306e0b7059afd447ea1822fb7ec6fee0571be1c	경로별 프레임 대응.
battle_frame	art/v2-style/animation-test-frames/raging-treant/attack-03.png	53559	881d991c5f8afd4271b0adeb54595d2c4f455d1a	EXACT	assets/battle/frames/raging-treant/attack-03.png	53559	881d991c5f8afd4271b0adeb54595d2c4f455d1a	경로별 프레임 대응.
battle_frame	art/v2-style/animation-test-frames/raging-treant/attack-04.png	52088	a3bdc0df178a7d4186fcecc0f2f4d0dd366fad50	EXACT	assets/battle/frames/raging-treant/attack-04.png	52088	a3bdc0df178a7d4186fcecc0f2f4d0dd366fad50	경로별 프레임 대응.
battle_frame	art/v2-style/animation-test-frames/raging-treant/attack-05.png	54493	8ac75ebb593ff6d382bb4d151904caa93f1a385f	EXACT	assets/battle/frames/raging-treant/attack-05.png	54493	8ac75ebb593ff6d382bb4d151904caa93f1a385f	경로별 프레임 대응.
battle_frame	art/v2-style/animation-test-frames/raging-treant/death-01.png	46142	f9cb31bd10e0fc2b4a8a468b376463b37a999d19	EXACT	assets/battle/frames/raging-treant/death-01.png	46142	f9cb31bd10e0fc2b4a8a468b376463b37a999d19	경로별 프레임 대응.
battle_frame	art/v2-style/animation-test-frames/raging-treant/death-02.png	43648	2e4800f0996f6b3c94494efc25c62e31324e68d8	EXACT	assets/battle/frames/raging-treant/death-02.png	43648	2e4800f0996f6b3c94494efc25c62e31324e68d8	경로별 프레임 대응.
battle_frame	art/v2-style/animation-test-frames/raging-treant/death-03.png	35694	3c3e873fd7c63cba9d1381b8424ec9c8a46f2830	EXACT	assets/battle/frames/raging-treant/death-03.png	35694	3c3e873fd7c63cba9d1381b8424ec9c8a46f2830	경로별 프레임 대응.
battle_frame	art/v2-style/animation-test-frames/raging-treant/death-04.png	24782	f377d3ebb3f3e3c2c87b4ef10e87aa19ea4b0e2e	EXACT	assets/battle/frames/raging-treant/death-04.png	24782	f377d3ebb3f3e3c2c87b4ef10e87aa19ea4b0e2e	경로별 프레임 대응.
battle_frame	art/v2-style/animation-test-frames/raging-treant/death-05.png	32020	337ffd5da4eaa1c0c49523d32a839bec41c38f85	EXACT	assets/battle/frames/raging-treant/death-05.png	32020	337ffd5da4eaa1c0c49523d32a839bec41c38f85	경로별 프레임 대응.
battle_frame	art/v2-style/animation-test-frames/raging-treant/death-06.png	26223	1fa8d04274c8d28a31db8d5b22b058ddd49661b2	EXACT	assets/battle/frames/raging-treant/death-06.png	26223	1fa8d04274c8d28a31db8d5b22b058ddd49661b2	경로별 프레임 대응.
battle_frame	art/v2-style/animation-test-frames/raging-treant/hit-01.png	55721	c449a3f53e87e4af8e383d8cc017dc8c59b2ff98	EXACT	assets/battle/frames/raging-treant/hit-01.png	55721	c449a3f53e87e4af8e383d8cc017dc8c59b2ff98	경로별 프레임 대응.
battle_frame	art/v2-style/animation-test-frames/raging-treant/hit-02.png	47529	468d94408b2cefbb047275d142267d26619ff4bd	EXACT	assets/battle/frames/raging-treant/hit-02.png	47529	468d94408b2cefbb047275d142267d26619ff4bd	경로별 프레임 대응.
battle_frame	art/v2-style/animation-test-frames/raging-treant/hit-03.png	49501	31508ce2b3f1ac7b5b7d8250e111b463dd93cbf4	EXACT	assets/battle/frames/raging-treant/hit-03.png	49501	31508ce2b3f1ac7b5b7d8250e111b463dd93cbf4	경로별 프레임 대응.
battle_frame	art/v2-style/animation-test-frames/raging-treant/hit-04.png	47225	cdaa9de0d8c99e0a6547a6ee5fbeb7cb25393cb2	EXACT	assets/battle/frames/raging-treant/hit-04.png	47225	cdaa9de0d8c99e0a6547a6ee5fbeb7cb25393cb2	경로별 프레임 대응.
battle_frame	art/v2-style/animation-test-frames/sea-wolf/attack-01.png	42223	15763c785de47e0f1544fdce7aba219fb7eb76e6	EXACT	assets/battle/frames/sea-wolf/attack-01.png	42223	15763c785de47e0f1544fdce7aba219fb7eb76e6	경로별 프레임 대응.
battle_frame	art/v2-style/animation-test-frames/sea-wolf/attack-02.png	35722	e5124db51d00700cb50715e832171aa5962b12ae	EXACT	assets/battle/frames/sea-wolf/attack-02.png	35722	e5124db51d00700cb50715e832171aa5962b12ae	경로별 프레임 대응.
battle_frame	art/v2-style/animation-test-frames/sea-wolf/attack-03.png	43072	241fae33cb3bd6a307ff59f2ba4315e04bd3a9eb	EXACT	assets/battle/frames/sea-wolf/attack-03.png	43072	241fae33cb3bd6a307ff59f2ba4315e04bd3a9eb	경로별 프레임 대응.
battle_frame	art/v2-style/animation-test-frames/sea-wolf/attack-04.png	45052	655afcce822aa305a2ac25658317ba96f8f11236	EXACT	assets/battle/frames/sea-wolf/attack-04.png	45052	655afcce822aa305a2ac25658317ba96f8f11236	경로별 프레임 대응.
battle_frame	art/v2-style/animation-test-frames/sea-wolf/attack-05.png	42450	e0819dfb4f4d609266c9077862af779e2a55b18c	EXACT	assets/battle/frames/sea-wolf/attack-05.png	42450	e0819dfb4f4d609266c9077862af779e2a55b18c	경로별 프레임 대응.
battle_frame	art/v2-style/animation-test-frames/sea-wolf/death-01.png	38802	0ddf62c5eb06915ce2f3083141ae32f41178d4cd	EXACT	assets/battle/frames/sea-wolf/death-01.png	38802	0ddf62c5eb06915ce2f3083141ae32f41178d4cd	경로별 프레임 대응.
battle_frame	art/v2-style/animation-test-frames/sea-wolf/death-02.png	33889	fa85469b5f9ffab8eca207109f5ffa5b682797c1	EXACT	assets/battle/frames/sea-wolf/death-02.png	33889	fa85469b5f9ffab8eca207109f5ffa5b682797c1	경로별 프레임 대응.
battle_frame	art/v2-style/animation-test-frames/sea-wolf/death-03.png	28621	10fdff87e6a900cbe6a01fef8b9f074f7d8323fc	EXACT	assets/battle/frames/sea-wolf/death-03.png	28621	10fdff87e6a900cbe6a01fef8b9f074f7d8323fc	경로별 프레임 대응.
battle_frame	art/v2-style/animation-test-frames/sea-wolf/death-04.png	24299	df848b495ab1efcb8e5eae3feb8960dd34bab42e	EXACT	assets/battle/frames/sea-wolf/death-04.png	24299	df848b495ab1efcb8e5eae3feb8960dd34bab42e	경로별 프레임 대응.
battle_frame	art/v2-style/animation-test-frames/sea-wolf/death-05.png	25935	81e1a9f2944dc5d15c36af06a00b00d81d3b3b5b	EXACT	assets/battle/frames/sea-wolf/death-05.png	25935	81e1a9f2944dc5d15c36af06a00b00d81d3b3b5b	경로별 프레임 대응.
battle_frame	art/v2-style/animation-test-frames/sea-wolf/death-06.png	30669	6814ad35032c829344c7258daaf2c40b61c1c8dc	EXACT	assets/battle/frames/sea-wolf/death-06.png	30669	6814ad35032c829344c7258daaf2c40b61c1c8dc	경로별 프레임 대응.
battle_frame	art/v2-style/animation-test-frames/sea-wolf/hit-01.png	41793	2410fe2d804ba2f26cbd7ae5dc56f8f9174c5c4f	EXACT	assets/battle/frames/sea-wolf/hit-01.png	41793	2410fe2d804ba2f26cbd7ae5dc56f8f9174c5c4f	경로별 프레임 대응.
battle_frame	art/v2-style/animation-test-frames/sea-wolf/hit-02.png	39789	dd769111aaab04ec47e7cce9ad185eec3520a493	EXACT	assets/battle/frames/sea-wolf/hit-02.png	39789	dd769111aaab04ec47e7cce9ad185eec3520a493	경로별 프레임 대응.
battle_frame	art/v2-style/animation-test-frames/sea-wolf/hit-03.png	31661	5a5cf43cd32345b41a660f373982f83e11957af5	EXACT	assets/battle/frames/sea-wolf/hit-03.png	31661	5a5cf43cd32345b41a660f373982f83e11957af5	경로별 프레임 대응.
battle_frame	art/v2-style/animation-test-frames/sea-wolf/hit-04.png	35556	bc363ec5d09e1609a94627f17f28ea48c9c97aa7	EXACT	assets/battle/frames/sea-wolf/hit-04.png	35556	bc363ec5d09e1609a94627f17f28ea48c9c97aa7	경로별 프레임 대응.
battle_frame	art/v2-style/animation-test-frames/siren/attack-01.png	50750	887054580e5a98f9a09ffdfc49bbf0d39b82815b	EXACT	assets/battle/frames/siren/attack-01.png	50750	887054580e5a98f9a09ffdfc49bbf0d39b82815b	경로별 프레임 대응.
battle_frame	art/v2-style/animation-test-frames/siren/attack-02.png	50620	750f92b1428ab37d3b276948278a3471800092c5	EXACT	assets/battle/frames/siren/attack-02.png	50620	750f92b1428ab37d3b276948278a3471800092c5	경로별 프레임 대응.
battle_frame	art/v2-style/animation-test-frames/siren/attack-03.png	50844	90c9188057847abe86cb304a30d400752a8367d9	EXACT	assets/battle/frames/siren/attack-03.png	50844	90c9188057847abe86cb304a30d400752a8367d9	경로별 프레임 대응.
battle_frame	art/v2-style/animation-test-frames/siren/attack-04.png	52428	2eb19c180645d67046161d381c77d57b37f01aa8	EXACT	assets/battle/frames/siren/attack-04.png	52428	2eb19c180645d67046161d381c77d57b37f01aa8	경로별 프레임 대응.
battle_frame	art/v2-style/animation-test-frames/siren/attack-05.png	52232	2ce564d7ff08113ade518d5092409d759285f054	EXACT	assets/battle/frames/siren/attack-05.png	52232	2ce564d7ff08113ade518d5092409d759285f054	경로별 프레임 대응.
battle_frame	art/v2-style/animation-test-frames/siren/death-01.png	44806	a3be99058e105dd90823e216b29a6c53b2385135	EXACT	assets/battle/frames/siren/death-01.png	44806	a3be99058e105dd90823e216b29a6c53b2385135	경로별 프레임 대응.
battle_frame	art/v2-style/animation-test-frames/siren/death-02.png	36486	d3f3821451f2cb9386ff3cfa22f743f609a864e7	EXACT	assets/battle/frames/siren/death-02.png	36486	d3f3821451f2cb9386ff3cfa22f743f609a864e7	경로별 프레임 대응.
battle_frame	art/v2-style/animation-test-frames/siren/death-03.png	36368	e51847734b35b7b89a8e15bfd2ef4b529e528e60	EXACT	assets/battle/frames/siren/death-03.png	36368	e51847734b35b7b89a8e15bfd2ef4b529e528e60	경로별 프레임 대응.
battle_frame	art/v2-style/animation-test-frames/siren/death-04.png	31014	ca5eea4e9c2785c4624c93d8469063c1e8200842	EXACT	assets/battle/frames/siren/death-04.png	31014	ca5eea4e9c2785c4624c93d8469063c1e8200842	경로별 프레임 대응.
battle_frame	art/v2-style/animation-test-frames/siren/death-05.png	31338	7098f3d8ea6be0083d5318ad94c0aa037d99e922	EXACT	assets/battle/frames/siren/death-05.png	31338	7098f3d8ea6be0083d5318ad94c0aa037d99e922	경로별 프레임 대응.
battle_frame	art/v2-style/animation-test-frames/siren/death-06.png	25425	e9e41fe6cd01d7a9e0afd6cb49475faffa9857ae	EXACT	assets/battle/frames/siren/death-06.png	25425	e9e41fe6cd01d7a9e0afd6cb49475faffa9857ae	경로별 프레임 대응.
battle_frame	art/v2-style/animation-test-frames/siren/death-07.png	16135	ab808deaed48cca756a1695c744c1a92486c6c6d	EXACT	assets/battle/frames/siren/death-07.png	16135	ab808deaed48cca756a1695c744c1a92486c6c6d	경로별 프레임 대응.
battle_frame	art/v2-style/animation-test-frames/siren/hit-01.png	48945	5f756bdfa5def2216698217e8a5eb6ab2e3bff32	EXACT	assets/battle/frames/siren/hit-01.png	48945	5f756bdfa5def2216698217e8a5eb6ab2e3bff32	경로별 프레임 대응.
battle_frame	art/v2-style/animation-test-frames/siren/hit-02.png	51885	bd743f6678732991cc7e8ca286a6c141d515b96f	EXACT	assets/battle/frames/siren/hit-02.png	51885	bd743f6678732991cc7e8ca286a6c141d515b96f	경로별 프레임 대응.
battle_frame	art/v2-style/animation-test-frames/siren/hit-03.png	47447	5001664cb9a4b98ac7e55a96648eb3655e36b187	EXACT	assets/battle/frames/siren/hit-03.png	47447	5001664cb9a4b98ac7e55a96648eb3655e36b187	경로별 프레임 대응.
battle_frame	art/v2-style/animation-test-frames/siren/hit-04.png	44806	a3be99058e105dd90823e216b29a6c53b2385135	EXACT	assets/battle/frames/siren/hit-04.png	44806	a3be99058e105dd90823e216b29a6c53b2385135	경로별 프레임 대응.
battle_frame	art/v2-style/animation-test-frames/skeleton-archer/attack-01.png	22907	e26be9efd8c12e681f3175e4903a2c3cc195ad05	EXACT	assets/battle/frames/skeleton-archer/attack-01.png	22907	e26be9efd8c12e681f3175e4903a2c3cc195ad05	경로별 프레임 대응.
battle_frame	art/v2-style/animation-test-frames/skeleton-archer/attack-02.png	23342	a38533b8929b8fffd04b9c1daaacc0b3a12b4a7b	EXACT	assets/battle/frames/skeleton-archer/attack-02.png	23342	a38533b8929b8fffd04b9c1daaacc0b3a12b4a7b	경로별 프레임 대응.
battle_frame	art/v2-style/animation-test-frames/skeleton-archer/attack-03.png	23613	74ad617e273908ba5f8666e827d8f32cfadb5a79	EXACT	assets/battle/frames/skeleton-archer/attack-03.png	23613	74ad617e273908ba5f8666e827d8f32cfadb5a79	경로별 프레임 대응.
battle_frame	art/v2-style/animation-test-frames/skeleton-archer/attack-04.png	23295	d291a8feafc98e4864312bb45c4a9e9b576c8e88	EXACT	assets/battle/frames/skeleton-archer/attack-04.png	23295	d291a8feafc98e4864312bb45c4a9e9b576c8e88	경로별 프레임 대응.
battle_frame	art/v2-style/animation-test-frames/skeleton-archer/attack-05.png	22196	6a0d95d39512c6bb62b627934c622b4c0a2b9e94	EXACT	assets/battle/frames/skeleton-archer/attack-05.png	22196	6a0d95d39512c6bb62b627934c622b4c0a2b9e94	경로별 프레임 대응.
battle_frame	art/v2-style/animation-test-frames/skeleton-archer/death-01.png	20664	ea5997aa2ba28d581e6a4c8b880c83bd45d34022	EXACT	assets/battle/frames/skeleton-archer/death-01.png	20664	ea5997aa2ba28d581e6a4c8b880c83bd45d34022	경로별 프레임 대응.
battle_frame	art/v2-style/animation-test-frames/skeleton-archer/death-02.png	16585	3058949df72c4b9bbf45cd73633b3d90cc9a956b	EXACT	assets/battle/frames/skeleton-archer/death-02.png	16585	3058949df72c4b9bbf45cd73633b3d90cc9a956b	경로별 프레임 대응.
battle_frame	art/v2-style/animation-test-frames/skeleton-archer/death-03.png	16429	92ccd065047c1ae471d5e9dec23ee1e3ce93d37b	EXACT	assets/battle/frames/skeleton-archer/death-03.png	16429	92ccd065047c1ae471d5e9dec23ee1e3ce93d37b	경로별 프레임 대응.
battle_frame	art/v2-style/animation-test-frames/skeleton-archer/death-04.png	14120	3f40906a5f7e01e74041b2643c498c851600d2bf	EXACT	assets/battle/frames/skeleton-archer/death-04.png	14120	3f40906a5f7e01e74041b2643c498c851600d2bf	경로별 프레임 대응.
battle_frame	art/v2-style/animation-test-frames/skeleton-archer/death-05.png	7929	00c1d1dd5ba247964b54fa9b3734a4b5c65481fd	EXACT	assets/battle/frames/skeleton-archer/death-05.png	7929	00c1d1dd5ba247964b54fa9b3734a4b5c65481fd	경로별 프레임 대응.
battle_frame	art/v2-style/animation-test-frames/skeleton-archer/death-06.png	3746	9cfed8fe0c629e868c5a0c2f57f5c2aaa927e46a	EXACT	assets/battle/frames/skeleton-archer/death-06.png	3746	9cfed8fe0c629e868c5a0c2f57f5c2aaa927e46a	경로별 프레임 대응.
battle_frame	art/v2-style/animation-test-frames/skeleton-archer/hit-01.png	20704	eb22138921348dc3ecc43992ffecc904925bdcfb	EXACT	assets/battle/frames/skeleton-archer/hit-01.png	20704	eb22138921348dc3ecc43992ffecc904925bdcfb	경로별 프레임 대응.
battle_frame	art/v2-style/animation-test-frames/skeleton-archer/hit-02.png	21096	f0a94924f8f61abcad267a48ee205c2f0594a56d	EXACT	assets/battle/frames/skeleton-archer/hit-02.png	21096	f0a94924f8f61abcad267a48ee205c2f0594a56d	경로별 프레임 대응.
battle_frame	art/v2-style/animation-test-frames/skeleton-archer/hit-03.png	19642	ce489bd9dae2fa816f61e4331d8bdcf2080c4fd2	EXACT	assets/battle/frames/skeleton-archer/hit-03.png	19642	ce489bd9dae2fa816f61e4331d8bdcf2080c4fd2	경로별 프레임 대응.
battle_frame	art/v2-style/animation-test-frames/skeleton-archer/hit-04.png	19354	9a153e04020d0886b012d037918a809624bc8c56	EXACT	assets/battle/frames/skeleton-archer/hit-04.png	19354	9a153e04020d0886b012d037918a809624bc8c56	경로별 프레임 대응.
battle_frame	art/v2-style/animation-test-frames/skeleton-cavalry/attack-01.png	50508	4f1f03d0e712c9814f5deb422cf750390879039f	EXACT	assets/battle/frames/skeleton-cavalry/attack-01.png	50508	4f1f03d0e712c9814f5deb422cf750390879039f	경로별 프레임 대응.
battle_frame	art/v2-style/animation-test-frames/skeleton-cavalry/attack-02.png	48978	f931180515dcdd51190be892690e454c588e9305	EXACT	assets/battle/frames/skeleton-cavalry/attack-02.png	48978	f931180515dcdd51190be892690e454c588e9305	경로별 프레임 대응.
battle_frame	art/v2-style/animation-test-frames/skeleton-cavalry/attack-03.png	46686	f139d57f82049d2c4f76d25e26b605ffca388f42	EXACT	assets/battle/frames/skeleton-cavalry/attack-03.png	46686	f139d57f82049d2c4f76d25e26b605ffca388f42	경로별 프레임 대응.
battle_frame	art/v2-style/animation-test-frames/skeleton-cavalry/attack-04.png	45630	36de69ce47fbfa483196607005eda5117e3f5f45	EXACT	assets/battle/frames/skeleton-cavalry/attack-04.png	45630	36de69ce47fbfa483196607005eda5117e3f5f45	경로별 프레임 대응.
battle_frame	art/v2-style/animation-test-frames/skeleton-cavalry/attack-05.png	50508	4f1f03d0e712c9814f5deb422cf750390879039f	EXACT	assets/battle/frames/skeleton-cavalry/attack-05.png	50508	4f1f03d0e712c9814f5deb422cf750390879039f	경로별 프레임 대응.
battle_frame	art/v2-style/animation-test-frames/skeleton-cavalry/death-01.png	46637	60905b2df3874c87b1f3be4ca217328b963382cf	EXACT	assets/battle/frames/skeleton-cavalry/death-01.png	46637	60905b2df3874c87b1f3be4ca217328b963382cf	경로별 프레임 대응.
battle_frame	art/v2-style/animation-test-frames/skeleton-cavalry/death-02.png	46793	f4d255aad6689d5e0f95c1b00c0b838ba65b2b1d	EXACT	assets/battle/frames/skeleton-cavalry/death-02.png	46793	f4d255aad6689d5e0f95c1b00c0b838ba65b2b1d	경로별 프레임 대응.
battle_frame	art/v2-style/animation-test-frames/skeleton-cavalry/death-03.png	31448	f6e0f0cec96347643db6931bb97aa3ac6bed0250	EXACT	assets/battle/frames/skeleton-cavalry/death-03.png	31448	f6e0f0cec96347643db6931bb97aa3ac6bed0250	경로별 프레임 대응.
battle_frame	art/v2-style/animation-test-frames/skeleton-cavalry/death-04.png	28948	3386f6c193a0eae82e7367112eeb6df4bc482378	EXACT	assets/battle/frames/skeleton-cavalry/death-04.png	28948	3386f6c193a0eae82e7367112eeb6df4bc482378	경로별 프레임 대응.
battle_frame	art/v2-style/animation-test-frames/skeleton-cavalry/death-05.png	28779	eed26f1914befaf45d640f046e4249261923fca6	EXACT	assets/battle/frames/skeleton-cavalry/death-05.png	28779	eed26f1914befaf45d640f046e4249261923fca6	경로별 프레임 대응.
battle_frame	art/v2-style/animation-test-frames/skeleton-cavalry/death-06.png	18412	bcae24a6b79db76a857ba63f7744a3f18c4c2376	EXACT	assets/battle/frames/skeleton-cavalry/death-06.png	18412	bcae24a6b79db76a857ba63f7744a3f18c4c2376	경로별 프레임 대응.
battle_frame	art/v2-style/animation-test-frames/skeleton-cavalry/hit-01.png	54244	90a4f8787de97262bb235818fc8b99b03838c7b1	EXACT	assets/battle/frames/skeleton-cavalry/hit-01.png	54244	90a4f8787de97262bb235818fc8b99b03838c7b1	경로별 프레임 대응.
battle_frame	art/v2-style/animation-test-frames/skeleton-cavalry/hit-02.png	53048	af8100ae71a4e2c8ed7fcb6c80f68d0fe6db46da	EXACT	assets/battle/frames/skeleton-cavalry/hit-02.png	53048	af8100ae71a4e2c8ed7fcb6c80f68d0fe6db46da	경로별 프레임 대응.
battle_frame	art/v2-style/animation-test-frames/skeleton-cavalry/hit-03.png	52033	fa2eae09bf0bbfff2b0cbcb38c686686813d6bf7	EXACT	assets/battle/frames/skeleton-cavalry/hit-03.png	52033	fa2eae09bf0bbfff2b0cbcb38c686686813d6bf7	경로별 프레임 대응.
battle_frame	art/v2-style/animation-test-frames/skeleton-cavalry/hit-04.png	53582	9cd9ca1cf0f37595b3c014471ff8d6d88d9c8466	EXACT	assets/battle/frames/skeleton-cavalry/hit-04.png	53582	9cd9ca1cf0f37595b3c014471ff8d6d88d9c8466	경로별 프레임 대응.
battle_frame	art/v2-style/animation-test-frames/skeleton-spear/attack-01.png	36415	13fcc3f0f0ac292b6afa52beac05d4731d055f69	EXACT	assets/battle/frames/skeleton-spear/attack-01.png	36415	13fcc3f0f0ac292b6afa52beac05d4731d055f69	경로별 프레임 대응.
battle_frame	art/v2-style/animation-test-frames/skeleton-spear/attack-02.png	35043	78513dbfca9ca11d148597b3c434ba23f43c092a	EXACT	assets/battle/frames/skeleton-spear/attack-02.png	35043	78513dbfca9ca11d148597b3c434ba23f43c092a	경로별 프레임 대응.
battle_frame	art/v2-style/animation-test-frames/skeleton-spear/attack-03.png	33630	e8646feb57015f72c0d038bc03725152ff8de5ac	EXACT	assets/battle/frames/skeleton-spear/attack-03.png	33630	e8646feb57015f72c0d038bc03725152ff8de5ac	경로별 프레임 대응.
battle_frame	art/v2-style/animation-test-frames/skeleton-spear/attack-04.png	33871	f3f3ef7256c76a230bedd295caf20bded174a646	EXACT	assets/battle/frames/skeleton-spear/attack-04.png	33871	f3f3ef7256c76a230bedd295caf20bded174a646	경로별 프레임 대응.
battle_frame	art/v2-style/animation-test-frames/skeleton-spear/attack-05.png	37535	dbb61ad6cbdce741744234a04da9ad300552b39c	EXACT	assets/battle/frames/skeleton-spear/attack-05.png	37535	dbb61ad6cbdce741744234a04da9ad300552b39c	경로별 프레임 대응.
battle_frame	art/v2-style/animation-test-frames/skeleton-spear/death-01.png	32033	14bfa055ca04b8d90064fa6ca5e109cbcaa9a10d	EXACT	assets/battle/frames/skeleton-spear/death-01.png	32033	14bfa055ca04b8d90064fa6ca5e109cbcaa9a10d	경로별 프레임 대응.
battle_frame	art/v2-style/animation-test-frames/skeleton-spear/death-02.png	35676	d1770ddb6cd0299c5213490471e65e030c08b6bd	EXACT	assets/battle/frames/skeleton-spear/death-02.png	35676	d1770ddb6cd0299c5213490471e65e030c08b6bd	경로별 프레임 대응.
battle_frame	art/v2-style/animation-test-frames/skeleton-spear/death-03.png	25997	984a647ac81805c591be3364ef1ca8cf49a265de	EXACT	assets/battle/frames/skeleton-spear/death-03.png	25997	984a647ac81805c591be3364ef1ca8cf49a265de	경로별 프레임 대응.
battle_frame	art/v2-style/animation-test-frames/skeleton-spear/death-04.png	25615	cb8365616d3b43e5af1253cbbf1b2edfd63e303e	EXACT	assets/battle/frames/skeleton-spear/death-04.png	25615	cb8365616d3b43e5af1253cbbf1b2edfd63e303e	경로별 프레임 대응.
battle_frame	art/v2-style/animation-test-frames/skeleton-spear/death-05.png	28054	ab7e22b98fca198807fae36373ab24f4755cd922	EXACT	assets/battle/frames/skeleton-spear/death-05.png	28054	ab7e22b98fca198807fae36373ab24f4755cd922	경로별 프레임 대응.
battle_frame	art/v2-style/animation-test-frames/skeleton-spear/hit-01.png	36747	b2517a040c69de5cf24e6c45f0cab67088969fba	EXACT	assets/battle/frames/skeleton-spear/hit-01.png	36747	b2517a040c69de5cf24e6c45f0cab67088969fba	경로별 프레임 대응.
battle_frame	art/v2-style/animation-test-frames/skeleton-spear/hit-02.png	34703	a4f08d60e3c004377ca0d7373ff33ec57c323b21	EXACT	assets/battle/frames/skeleton-spear/hit-02.png	34703	a4f08d60e3c004377ca0d7373ff33ec57c323b21	경로별 프레임 대응.
battle_frame	art/v2-style/animation-test-frames/skeleton-spear/hit-03.png	32077	3c86920a00ca9014b6fc9d34b3b9cc362c0d65e7	EXACT	assets/battle/frames/skeleton-spear/hit-03.png	32077	3c86920a00ca9014b6fc9d34b3b9cc362c0d65e7	경로별 프레임 대응.
battle_frame	art/v2-style/animation-test-frames/skeleton-spear/hit-04.png	38432	fc3b9ad9fabd079a2f5f510722a9479ec106f1f0	EXACT	assets/battle/frames/skeleton-spear/hit-04.png	38432	fc3b9ad9fabd079a2f5f510722a9479ec106f1f0	경로별 프레임 대응.
battle_frame	art/v2-style/animation-test-frames/soul-reaper/attack-01.png	39457	4285eb7d2cfa16406fa924eea09697cde951ae87	UPDATED	assets/battle/frames/soul-reaper/attack-01.png	249393	61b847c2290b6b5c1cf94aab32328d9261ce2076	경로별 프레임 대응.
battle_frame	art/v2-style/animation-test-frames/soul-reaper/attack-02.png	39127	c19e8c13cf1327072dd5b90b17ca14f12a74f5f2	UPDATED	assets/battle/frames/soul-reaper/attack-02.png	257343	1e11598ccc0ab215a4b3b97912d13c12b39ca565	경로별 프레임 대응.
battle_frame	art/v2-style/animation-test-frames/soul-reaper/attack-03.png	39392	e0a8cba3a79489bf989deab22ae07a1c3e938683	UPDATED	assets/battle/frames/soul-reaper/attack-03.png	243035	258a94c0426833816cb456ff99a4aeeb3ad83548	경로별 프레임 대응.
battle_frame	art/v2-style/animation-test-frames/soul-reaper/attack-04.png	44726	3fb9c4435eb1f1043b04765b89d5c8c7ab548dc6	UPDATED	assets/battle/frames/soul-reaper/attack-04.png	258883	4e0897d518b1400ef5f266a64d1dca2b40c6ed55	경로별 프레임 대응.
battle_frame	art/v2-style/animation-test-frames/soul-reaper/attack-05.png	41381	27b0f7796dc148202dbb95192a67cc70c090b7b8	UPDATED	assets/battle/frames/soul-reaper/attack-05.png	264575	a772ddcae7ebf477c0d274dcb46eecb04ab8051a	경로별 프레임 대응.
battle_frame	art/v2-style/animation-test-frames/soul-reaper/attack-06.png	39457	4285eb7d2cfa16406fa924eea09697cde951ae87	UPDATED	assets/battle/frames/soul-reaper/attack-06.png	279253	c2baca2829f54f638fca3cf5a68b3cb21bcd7d0a	경로별 프레임 대응.
battle_frame	art/v2-style/animation-test-frames/soul-reaper/death-01.png	37875	705e358130a97425b3f34b64766d0e51703a377e	UPDATED	assets/battle/frames/soul-reaper/death-01.png	229535	18578daf4877263418aa6b293702516ff274b4d0	경로별 프레임 대응.
battle_frame	art/v2-style/animation-test-frames/soul-reaper/death-02.png	37514	d2bc4025a6cacf98566b3246479f190b377c4314	UPDATED	assets/battle/frames/soul-reaper/death-02.png	211533	8cd6160eda9d35970e189bb0b4d152b3a5b99958	경로별 프레임 대응.
battle_frame	art/v2-style/animation-test-frames/soul-reaper/death-03.png	29807	b4a54840b687cbf75fa464279d0b6ece5b18f52d	UPDATED	assets/battle/frames/soul-reaper/death-03.png	209313	502265b2084896be4083f00f61cf4eda1dafd98e	경로별 프레임 대응.
battle_frame	art/v2-style/animation-test-frames/soul-reaper/death-04.png	26340	9e34966f2869e73305fe12b03220e90cb2126ee4	UPDATED	assets/battle/frames/soul-reaper/death-04.png	206560	cbf63a5cfe57fbff9f9c9e828e3a3646164460e1	경로별 프레임 대응.
battle_frame	art/v2-style/animation-test-frames/soul-reaper/death-05.png	24184	9b94212afa94322b646f18b28461ddae9e589d96	UPDATED	assets/battle/frames/soul-reaper/death-05.png	194253	e7c6138ce128081570fa2c5572f4e465cc51f3cd	경로별 프레임 대응.
battle_frame	art/v2-style/animation-test-frames/soul-reaper/death-06.png	24331	3b4f736db53ad90ae8223c16b0538a1af8eaf18a	UPDATED	assets/battle/frames/soul-reaper/death-06.png	171441	977e9cfbc4ce783371c797632d8db142bc157c77	경로별 프레임 대응.
battle_frame	art/v2-style/animation-test-frames/soul-reaper/hit-01.png	37133	a9803fdd6e1dd8c683930a4079f243ff5d9532a7	UPDATED	assets/battle/frames/soul-reaper/hit-01.png	273381	29f2388296bc82cbc48bfc3cd1afdecb5090593a	경로별 프레임 대응.
battle_frame	art/v2-style/animation-test-frames/soul-reaper/hit-02.png	43458	7f59fe41260f88436e08902f5601ab393bf3d2e8	UPDATED	assets/battle/frames/soul-reaper/hit-02.png	275335	bebf5c8bee47c872a2205f6cebf4720594008aec	경로별 프레임 대응.
battle_frame	art/v2-style/animation-test-frames/soul-reaper/hit-03.png	35453	365cadc087e6de0ea1eecbb0fba5660a15126148	UPDATED	assets/battle/frames/soul-reaper/hit-03.png	288450	75ff5d5ea5614c96348a184dd70cde0b0e761d4b	경로별 프레임 대응.
battle_frame	art/v2-style/animation-test-frames/soul-reaper/hit-04.png	35594	6ce164b329333fa5181f5ff1ec2489ff0c346d8c	UPDATED	assets/battle/frames/soul-reaper/hit-04.png	273780	8bd91066cd9347ab96c407face5373efae588cd8	경로별 프레임 대응.
battle_frame	art/v2-style/animation-test-frames/spider-knight/attack-01.png	37101	1a5aaa1e541f361d86b27f411cca8c389904e9dd	EXACT	assets/battle/frames/spider-knight/attack-01.png	37101	1a5aaa1e541f361d86b27f411cca8c389904e9dd	경로별 프레임 대응.
battle_frame	art/v2-style/animation-test-frames/spider-knight/attack-02.png	34862	3c2703a8d6b20bb1c19d274b6cc6365df8602917	EXACT	assets/battle/frames/spider-knight/attack-02.png	34862	3c2703a8d6b20bb1c19d274b6cc6365df8602917	경로별 프레임 대응.
battle_frame	art/v2-style/animation-test-frames/spider-knight/attack-03.png	35791	8fae0900a0f450c6b62a7bec7f1e3e20a1696dfd	EXACT	assets/battle/frames/spider-knight/attack-03.png	35791	8fae0900a0f450c6b62a7bec7f1e3e20a1696dfd	경로별 프레임 대응.
battle_frame	art/v2-style/animation-test-frames/spider-knight/attack-04.png	38771	7b86934377a95a99ac7b3c602a203d490a6997ee	EXACT	assets/battle/frames/spider-knight/attack-04.png	38771	7b86934377a95a99ac7b3c602a203d490a6997ee	경로별 프레임 대응.
battle_frame	art/v2-style/animation-test-frames/spider-knight/attack-05.png	35010	b06b412c38c090d815020e905218b82d9b961bd5	EXACT	assets/battle/frames/spider-knight/attack-05.png	35010	b06b412c38c090d815020e905218b82d9b961bd5	경로별 프레임 대응.
battle_frame	art/v2-style/animation-test-frames/spider-knight/death-01.png	34020	5401239ec35577b9434297e7dfc3fce3f5da3813	EXACT	assets/battle/frames/spider-knight/death-01.png	34020	5401239ec35577b9434297e7dfc3fce3f5da3813	경로별 프레임 대응.
battle_frame	art/v2-style/animation-test-frames/spider-knight/death-02.png	30907	f57a2745e5676346ef418ac607ca8679cc16cc82	EXACT	assets/battle/frames/spider-knight/death-02.png	30907	f57a2745e5676346ef418ac607ca8679cc16cc82	경로별 프레임 대응.
battle_frame	art/v2-style/animation-test-frames/spider-knight/death-03.png	20711	e0fad9b22cb94082a9e6ee49e7eab108f0a0de33	EXACT	assets/battle/frames/spider-knight/death-03.png	20711	e0fad9b22cb94082a9e6ee49e7eab108f0a0de33	경로별 프레임 대응.
battle_frame	art/v2-style/animation-test-frames/spider-knight/death-04.png	14734	79d1cf885e3aafd9ea6d905386af829fa5f46ee7	EXACT	assets/battle/frames/spider-knight/death-04.png	14734	79d1cf885e3aafd9ea6d905386af829fa5f46ee7	경로별 프레임 대응.
battle_frame	art/v2-style/animation-test-frames/spider-knight/death-05.png	3584	fc0e5063525d8a8ffa12d500e0ee3ddf6d1bf475	EXACT	assets/battle/frames/spider-knight/death-05.png	3584	fc0e5063525d8a8ffa12d500e0ee3ddf6d1bf475	경로별 프레임 대응.
battle_frame	art/v2-style/animation-test-frames/spider-knight/hit-01.png	34318	36b049d4ec0c0529b77a21eacc2119462828f386	EXACT	assets/battle/frames/spider-knight/hit-01.png	34318	36b049d4ec0c0529b77a21eacc2119462828f386	경로별 프레임 대응.
battle_frame	art/v2-style/animation-test-frames/spider-knight/hit-02.png	35943	f6f3b1ce20b5b65e2123801b89d4701908ee9f67	EXACT	assets/battle/frames/spider-knight/hit-02.png	35943	f6f3b1ce20b5b65e2123801b89d4701908ee9f67	경로별 프레임 대응.
battle_frame	art/v2-style/animation-test-frames/spider-knight/hit-03.png	31572	28cc06b485db185b504005a2d20de33f80955d11	EXACT	assets/battle/frames/spider-knight/hit-03.png	31572	28cc06b485db185b504005a2d20de33f80955d11	경로별 프레임 대응.
battle_frame	art/v2-style/animation-test-frames/spider-knight/hit-04.png	33816	187b17fd348ba181e36487ff58b5f4deba503406	EXACT	assets/battle/frames/spider-knight/hit-04.png	33816	187b17fd348ba181e36487ff58b5f4deba503406	경로별 프레임 대응.
battle_frame	art/v2-style/animation-test-frames/spiderling/attack-01.png	69437	588abe95881802b0e81ff41761a8679dfe121dc3	EXACT	assets/battle/frames/spiderling/attack-01.png	69437	588abe95881802b0e81ff41761a8679dfe121dc3	경로별 프레임 대응.
battle_frame	art/v2-style/animation-test-frames/spiderling/attack-02.png	69399	75f8bc4bd708c7ed1090ef055503aac5d3e8751b	EXACT	assets/battle/frames/spiderling/attack-02.png	69399	75f8bc4bd708c7ed1090ef055503aac5d3e8751b	경로별 프레임 대응.
battle_frame	art/v2-style/animation-test-frames/spiderling/attack-03.png	65489	08bef8f02974a14a2bb5fc92bab256849cca8d64	EXACT	assets/battle/frames/spiderling/attack-03.png	65489	08bef8f02974a14a2bb5fc92bab256849cca8d64	경로별 프레임 대응.
battle_frame	art/v2-style/animation-test-frames/spiderling/attack-04.png	68681	f9dc5926f2366b83d3b71f2c4cca234df8011783	EXACT	assets/battle/frames/spiderling/attack-04.png	68681	f9dc5926f2366b83d3b71f2c4cca234df8011783	경로별 프레임 대응.
battle_frame	art/v2-style/animation-test-frames/spiderling/attack-05.png	69655	f7b46eb8a26cf8c13a63e59cb1d5a46a72d560f2	EXACT	assets/battle/frames/spiderling/attack-05.png	69655	f7b46eb8a26cf8c13a63e59cb1d5a46a72d560f2	경로별 프레임 대응.
battle_frame	art/v2-style/animation-test-frames/spiderling/death-01.png	47852	17f116bf8ccda056f9d34a348d93e2fc16431adc	EXACT	assets/battle/frames/spiderling/death-01.png	47852	17f116bf8ccda056f9d34a348d93e2fc16431adc	경로별 프레임 대응.
battle_frame	art/v2-style/animation-test-frames/spiderling/death-02.png	47677	a6c6080aa0331d321447deae6c7b8b348872938d	EXACT	assets/battle/frames/spiderling/death-02.png	47677	a6c6080aa0331d321447deae6c7b8b348872938d	경로별 프레임 대응.
battle_frame	art/v2-style/animation-test-frames/spiderling/death-03.png	45986	20346faa17268184553ff331ec919006166c2d8e	EXACT	assets/battle/frames/spiderling/death-03.png	45986	20346faa17268184553ff331ec919006166c2d8e	경로별 프레임 대응.
battle_frame	art/v2-style/animation-test-frames/spiderling/death-04.png	50104	e5faf11c08baeaf82476326edc352a222c6d562c	EXACT	assets/battle/frames/spiderling/death-04.png	50104	e5faf11c08baeaf82476326edc352a222c6d562c	경로별 프레임 대응.
battle_frame	art/v2-style/animation-test-frames/spiderling/death-05.png	29337	15fc5bdd2e4735125955fb0b373aee9d596082d1	EXACT	assets/battle/frames/spiderling/death-05.png	29337	15fc5bdd2e4735125955fb0b373aee9d596082d1	경로별 프레임 대응.
battle_frame	art/v2-style/animation-test-frames/spiderling/death-06.png	27908	f2e213c2a1d156ca97f4e0b5fa5ef4488d519263	EXACT	assets/battle/frames/spiderling/death-06.png	27908	f2e213c2a1d156ca97f4e0b5fa5ef4488d519263	경로별 프레임 대응.
battle_frame	art/v2-style/animation-test-frames/spiderling/hit-01.png	75339	590bd7e7edd807f99f4c2f6ae8e184bd6e038124	EXACT	assets/battle/frames/spiderling/hit-01.png	75339	590bd7e7edd807f99f4c2f6ae8e184bd6e038124	경로별 프레임 대응.
battle_frame	art/v2-style/animation-test-frames/spiderling/hit-02.png	73836	2a79aef823b8240c3782837b3295dbcedb72112f	EXACT	assets/battle/frames/spiderling/hit-02.png	73836	2a79aef823b8240c3782837b3295dbcedb72112f	경로별 프레임 대응.
battle_frame	art/v2-style/animation-test-frames/spiderling/hit-03.png	71590	9dde440dd1c69b1f5905523b6d76e9733053918f	EXACT	assets/battle/frames/spiderling/hit-03.png	71590	9dde440dd1c69b1f5905523b6d76e9733053918f	경로별 프레임 대응.
battle_frame	art/v2-style/animation-test-frames/spiderling/hit-04.png	74693	73f155de7747f0b99dfe23ae7d0277ad6cae6259	EXACT	assets/battle/frames/spiderling/hit-04.png	74693	73f155de7747f0b99dfe23ae7d0277ad6cae6259	경로별 프레임 대응.
battle_frame	art/v2-style/animation-test-frames/stone-golem/attack-01.png	65584	d80fb1beec35b545629bc15868c6f14b4e6f1754	EXACT	assets/battle/frames/stone-golem/attack-01.png	65584	d80fb1beec35b545629bc15868c6f14b4e6f1754	경로별 프레임 대응.
battle_frame	art/v2-style/animation-test-frames/stone-golem/attack-02.png	53032	699ad4a35f66a999a7d6e95298a2b22d49ccf9b1	EXACT	assets/battle/frames/stone-golem/attack-02.png	53032	699ad4a35f66a999a7d6e95298a2b22d49ccf9b1	경로별 프레임 대응.
battle_frame	art/v2-style/animation-test-frames/stone-golem/attack-03.png	53258	78f235f5c81b862f016eea68218c021f80a63813	EXACT	assets/battle/frames/stone-golem/attack-03.png	53258	78f235f5c81b862f016eea68218c021f80a63813	경로별 프레임 대응.
battle_frame	art/v2-style/animation-test-frames/stone-golem/attack-04.png	54353	c65134ae80f4821ccb406f828741019eee3a7329	EXACT	assets/battle/frames/stone-golem/attack-04.png	54353	c65134ae80f4821ccb406f828741019eee3a7329	경로별 프레임 대응.
battle_frame	art/v2-style/animation-test-frames/stone-golem/attack-05.png	54697	e2138a7efee8ea43e1208c5aeda67b0273917bc0	EXACT	assets/battle/frames/stone-golem/attack-05.png	54697	e2138a7efee8ea43e1208c5aeda67b0273917bc0	경로별 프레임 대응.
battle_frame	art/v2-style/animation-test-frames/stone-golem/death-01.png	58285	a767f485186e78174e21e1a7d99624c4f4078c85	EXACT	assets/battle/frames/stone-golem/death-01.png	58285	a767f485186e78174e21e1a7d99624c4f4078c85	경로별 프레임 대응.
battle_frame	art/v2-style/animation-test-frames/stone-golem/death-02.png	43696	29fe7f0a3dc66b3bc1b550050a93a8027b6ea14e	EXACT	assets/battle/frames/stone-golem/death-02.png	43696	29fe7f0a3dc66b3bc1b550050a93a8027b6ea14e	경로별 프레임 대응.
battle_frame	art/v2-style/animation-test-frames/stone-golem/death-03.png	35081	3de4aa38bf514ade7e3b1c2d8f6b19f1cb29abb5	EXACT	assets/battle/frames/stone-golem/death-03.png	35081	3de4aa38bf514ade7e3b1c2d8f6b19f1cb29abb5	경로별 프레임 대응.
battle_frame	art/v2-style/animation-test-frames/stone-golem/death-04.png	27247	5108bbe1ab3ccdb0c916fccd795f46aeb1abe785	EXACT	assets/battle/frames/stone-golem/death-04.png	27247	5108bbe1ab3ccdb0c916fccd795f46aeb1abe785	경로별 프레임 대응.
battle_frame	art/v2-style/animation-test-frames/stone-golem/death-05.png	35225	d84e36f8c1a5cbdabe15539842cafad6ab0df473	EXACT	assets/battle/frames/stone-golem/death-05.png	35225	d84e36f8c1a5cbdabe15539842cafad6ab0df473	경로별 프레임 대응.
battle_frame	art/v2-style/animation-test-frames/stone-golem/hit-01.png	69352	ca456a9f391ee32c79c99d3edfa3e9ed2db75972	EXACT	assets/battle/frames/stone-golem/hit-01.png	69352	ca456a9f391ee32c79c99d3edfa3e9ed2db75972	경로별 프레임 대응.
battle_frame	art/v2-style/animation-test-frames/stone-golem/hit-02.png	63559	190caa9e5b9dcc27279cf7373931d3be8ff78527	EXACT	assets/battle/frames/stone-golem/hit-02.png	63559	190caa9e5b9dcc27279cf7373931d3be8ff78527	경로별 프레임 대응.
battle_frame	art/v2-style/animation-test-frames/stone-golem/hit-03.png	58646	6eb44aad1fd91ed5b92ffe2a70289f1debadf113	EXACT	assets/battle/frames/stone-golem/hit-03.png	58646	6eb44aad1fd91ed5b92ffe2a70289f1debadf113	경로별 프레임 대응.
battle_frame	art/v2-style/animation-test-frames/stone-golem/hit-04.png	50341	5de9936ed6718398f689fea5a0c68aa5c3f8a54c	EXACT	assets/battle/frames/stone-golem/hit-04.png	50341	5de9936ed6718398f689fea5a0c68aa5c3f8a54c	경로별 프레임 대응.
battle_frame	art/v2-style/animation-test-frames/yeti/attack-01.png	62507	118bf1b2a941d0c768d12863b73211fff51d546d	EXACT	assets/battle/frames/yeti/attack-01.png	62507	118bf1b2a941d0c768d12863b73211fff51d546d	경로별 프레임 대응.
battle_frame	art/v2-style/animation-test-frames/yeti/attack-02.png	61931	c99fa54224842a6f555d8b7694e17c840bbf9a45	EXACT	assets/battle/frames/yeti/attack-02.png	61931	c99fa54224842a6f555d8b7694e17c840bbf9a45	경로별 프레임 대응.
battle_frame	art/v2-style/animation-test-frames/yeti/attack-03.png	58673	4dfcc7c6fa5735f5025a0af833a7f730ed02f3c5	EXACT	assets/battle/frames/yeti/attack-03.png	58673	4dfcc7c6fa5735f5025a0af833a7f730ed02f3c5	경로별 프레임 대응.
battle_frame	art/v2-style/animation-test-frames/yeti/attack-04.png	58578	8efc5b7aae613574519cb77b4777f2d7f20648a4	EXACT	assets/battle/frames/yeti/attack-04.png	58578	8efc5b7aae613574519cb77b4777f2d7f20648a4	경로별 프레임 대응.
battle_frame	art/v2-style/animation-test-frames/yeti/attack-05.png	47310	14d96d8241c9c489c83e00e85b4fab7fb013cc0e	EXACT	assets/battle/frames/yeti/attack-05.png	47310	14d96d8241c9c489c83e00e85b4fab7fb013cc0e	경로별 프레임 대응.
battle_frame	art/v2-style/animation-test-frames/yeti/attack-06.png	58714	2a63aad27565d6cd9a8df2a149ad9b1ab3db9466	EXACT	assets/battle/frames/yeti/attack-06.png	58714	2a63aad27565d6cd9a8df2a149ad9b1ab3db9466	경로별 프레임 대응.
battle_frame	art/v2-style/animation-test-frames/yeti/death-01.png	62507	118bf1b2a941d0c768d12863b73211fff51d546d	EXACT	assets/battle/frames/yeti/death-01.png	62507	118bf1b2a941d0c768d12863b73211fff51d546d	경로별 프레임 대응.
battle_frame	art/v2-style/animation-test-frames/yeti/death-02.png	51190	43c1037eb48ecffd08faa1d29b7b3061fb8c748e	EXACT	assets/battle/frames/yeti/death-02.png	51190	43c1037eb48ecffd08faa1d29b7b3061fb8c748e	경로별 프레임 대응.
battle_frame	art/v2-style/animation-test-frames/yeti/death-03.png	44137	5a4155270423972bbd6a9b4d7e6e5b0a96fa5794	EXACT	assets/battle/frames/yeti/death-03.png	44137	5a4155270423972bbd6a9b4d7e6e5b0a96fa5794	경로별 프레임 대응.
battle_frame	art/v2-style/animation-test-frames/yeti/death-04.png	38174	fdac5481b8cda32295d41452dd113581b5d573cb	EXACT	assets/battle/frames/yeti/death-04.png	38174	fdac5481b8cda32295d41452dd113581b5d573cb	경로별 프레임 대응.
battle_frame	art/v2-style/animation-test-frames/yeti/death-05.png	28242	6752fed7c73d10f19784e9ea8c3019a7589a04de	EXACT	assets/battle/frames/yeti/death-05.png	28242	6752fed7c73d10f19784e9ea8c3019a7589a04de	경로별 프레임 대응.
battle_frame	art/v2-style/animation-test-frames/yeti/death-06.png	29168	d2ba672d803b7d2edc23a6ef3d1f17c327a8c2d6	EXACT	assets/battle/frames/yeti/death-06.png	29168	d2ba672d803b7d2edc23a6ef3d1f17c327a8c2d6	경로별 프레임 대응.
battle_frame	art/v2-style/animation-test-frames/yeti/death-07.png	20926	1a7fd3b0febb1afa3e3e95d15c552a86e0b0744f	EXACT	assets/battle/frames/yeti/death-07.png	20926	1a7fd3b0febb1afa3e3e95d15c552a86e0b0744f	경로별 프레임 대응.
battle_frame	art/v2-style/animation-test-frames/yeti/hit-01.png	62507	118bf1b2a941d0c768d12863b73211fff51d546d	EXACT	assets/battle/frames/yeti/hit-01.png	62507	118bf1b2a941d0c768d12863b73211fff51d546d	경로별 프레임 대응.
battle_frame	art/v2-style/animation-test-frames/yeti/hit-02.png	55417	28d3cf6fe93ee1afd166e0516333faa730b992c6	EXACT	assets/battle/frames/yeti/hit-02.png	55417	28d3cf6fe93ee1afd166e0516333faa730b992c6	경로별 프레임 대응.
battle_frame	art/v2-style/animation-test-frames/yeti/hit-03.png	51587	25b3a19150ff7b7e68bc38bc81b1cfca8d87a2df	EXACT	assets/battle/frames/yeti/hit-03.png	51587	25b3a19150ff7b7e68bc38bc81b1cfca8d87a2df	경로별 프레임 대응.
battle_frame	art/v2-style/animation-test-frames/yeti/hit-04.png	58226	384f2efebaccbf8000bd787a805c65fb68c56fe5	EXACT	assets/battle/frames/yeti/hit-04.png	58226	384f2efebaccbf8000bd787a805c65fb68c56fe5	경로별 프레임 대응.
info_portrait	art/v2-style/ui/info-portraits/abyss-claw-hunter.png	455201	69bf18db9d037e4929864ac1b9065f8b102059fe	EXACT	assets/battle/ui/info-portraits/abyss-claw-hunter.png	455201	69bf18db9d037e4929864ac1b9065f8b102059fe	
info_portrait	art/v2-style/ui/info-portraits/abyss-eye.png	433781	e5258779f0877be6b81c7199337a40d88414e9a7	EXACT	assets/battle/ui/info-portraits/abyss-eye.png	433781	e5258779f0877be6b81c7199337a40d88414e9a7	
info_portrait	art/v2-style/ui/info-portraits/abyss-harpy.png	456862	3954814c867aa22edd0d055ffd0801d6f52ce20f	EXACT	assets/battle/ui/info-portraits/abyss-harpy.png	456862	3954814c867aa22edd0d055ffd0801d6f52ce20f	
info_portrait	art/v2-style/ui/info-portraits/ancient-treant.png	434887	34c5b2eb179870c99e6587bc003f272fd29b95d8	EXACT	assets/battle/ui/info-portraits/ancient-treant.png	434887	34c5b2eb179870c99e6587bc003f272fd29b95d8	
info_portrait	art/v2-style/ui/info-portraits/bone-golem.png	446011	60d2ed9aa5e9d6bdd5f625b173f7de0f623448ba	EXACT	assets/battle/ui/info-portraits/bone-golem.png	446011	60d2ed9aa5e9d6bdd5f625b173f7de0f623448ba	
info_portrait	art/v2-style/ui/info-portraits/bone-hound.png	438757	592e1ec37c9bd53d8f6b91c39feece12c3173450	EXACT	assets/battle/ui/info-portraits/bone-hound.png	438757	592e1ec37c9bd53d8f6b91c39feece12c3173450	
info_portrait	art/v2-style/ui/info-portraits/boulder-ogre.png	445955	6c359a6584428e946ec75e7000e08804f6280926	EXACT	assets/battle/ui/info-portraits/boulder-ogre.png	445955	6c359a6584428e946ec75e7000e08804f6280926	
info_portrait	art/v2-style/ui/info-portraits/cerberus.png	451122	30e39ac42d2da94e417c9adf5c1f25a9fa559635	EXACT	assets/battle/ui/info-portraits/cerberus.png	451122	30e39ac42d2da94e417c9adf5c1f25a9fa559635	
info_portrait	art/v2-style/ui/info-portraits/corpse-slime.png	474898	b18a92d7ab388e3dc05f736fdf2c471566e6162b	EXACT	assets/battle/ui/info-portraits/corpse-slime.png	474898	b18a92d7ab388e3dc05f736fdf2c471566e6162b	
info_portrait	art/v2-style/ui/info-portraits/crystal-devourer.png	441910	c6500667c083633f7425329f6e5c14bec8137657	EXACT	assets/battle/ui/info-portraits/crystal-devourer.png	441910	c6500667c083633f7425329f6e5c14bec8137657	
info_portrait	art/v2-style/ui/info-portraits/death-knight.png	425950	4df7780c6ed61fc95774094de7ae83e828d72174	EXACT	assets/battle/ui/info-portraits/death-knight.png	425950	4df7780c6ed61fc95774094de7ae83e828d72174	
info_portrait	art/v2-style/ui/info-portraits/doom-executor.png	393724	078647f03f8c67066c4104bc4a13bc834c0b55b6	EXACT	assets/battle/ui/info-portraits/doom-executor.png	393724	078647f03f8c67066c4104bc4a13bc834c0b55b6	
info_portrait	art/v2-style/ui/info-portraits/dracula.png	9353	bea466b0ef8e5216aa7aee1a92acd5b3ad806739	UPDATED	assets/battle/ui/info-portraits/dracula.png	3020376	99b50f1f8275d34d931ad8c174cb5c584fa7ffe6	
info_portrait	art/v2-style/ui/info-portraits/flesh-golem.png	451665	cd54f49bac7554b45196bdb33b06f2d2956dfef8	EXACT	assets/battle/ui/info-portraits/flesh-golem.png	451665	cd54f49bac7554b45196bdb33b06f2d2956dfef8	
info_portrait	art/v2-style/ui/info-portraits/forest-fairy.png	420992	34980316e32ea9fc1efc64a45957be56717e76e0	EXACT	assets/battle/ui/info-portraits/forest-fairy.png	420992	34980316e32ea9fc1efc64a45957be56717e76e0	
info_portrait	art/v2-style/ui/info-portraits/ghoul.png	451975	77cc2b744db272eb5b89acc38d32f0a32b17a247	EXACT	assets/battle/ui/info-portraits/ghoul.png	451975	77cc2b744db272eb5b89acc38d32f0a32b17a247	
info_portrait	art/v2-style/ui/info-portraits/goblin-chief.png	470159	9843b148671d42881ceae802864885ecdb5babc4	EXACT	assets/battle/ui/info-portraits/goblin-chief.png	470159	9843b148671d42881ceae802864885ecdb5babc4	
info_portrait	art/v2-style/ui/info-portraits/goblin-commoner.png	422794	604e517983a4e20ac0624bb23eca11ab9ed30498	EXACT	assets/battle/ui/info-portraits/goblin-commoner.png	422794	604e517983a4e20ac0624bb23eca11ab9ed30498	
info_portrait	art/v2-style/ui/info-portraits/goblin-rider.png	441324	295711d08b3c51db69afb6e4ba741da0e394129e	EXACT	assets/battle/ui/info-portraits/goblin-rider.png	441324	295711d08b3c51db69afb6e4ba741da0e394129e	
info_portrait	art/v2-style/ui/info-portraits/goblin-soldier.png	444255	10e02914067ca0091d7671203ed7f2ddea00faa2	EXACT	assets/battle/ui/info-portraits/goblin-soldier.png	444255	10e02914067ca0091d7671203ed7f2ddea00faa2	
info_portrait	art/v2-style/ui/info-portraits/grave-priest.png	384115	337b0e66a4469140de17ed57638f83acecb06cd0	EXACT	assets/battle/ui/info-portraits/grave-priest.png	384115	337b0e66a4469140de17ed57638f83acecb06cd0	
info_portrait	art/v2-style/ui/info-portraits/grave-worm.png	439375	9262bd2969b98582399685ee3360e4c45087f137	EXACT	assets/battle/ui/info-portraits/grave-worm.png	439375	9262bd2969b98582399685ee3360e4c45087f137	
info_portrait	art/v2-style/ui/info-portraits/guardian-seed.png	384446	9399ed9dff140f3652d46bf4d07cac7bbf5c34b9	EXACT	assets/battle/ui/info-portraits/guardian-seed.png	384446	9399ed9dff140f3652d46bf4d07cac7bbf5c34b9	
info_portrait	art/v2-style/ui/info-portraits/hell-mantis.png	418971	4d962d64fdcc517cd199c810068bb2e5fc24ef4f	EXACT	assets/battle/ui/info-portraits/hell-mantis.png	418971	4d962d64fdcc517cd199c810068bb2e5fc24ef4f	
info_portrait	art/v2-style/ui/info-portraits/hydra.png	419427	04178bf0b3b2f930cf23d47aab9f52642ac49f59	EXACT	assets/battle/ui/info-portraits/hydra.png	419427	04178bf0b3b2f930cf23d47aab9f52642ac49f59	
info_portrait	art/v2-style/ui/info-portraits/ice-lord.png	443804	ce969e90f28159289be5706c547a18894e4dddba	EXACT	assets/battle/ui/info-portraits/ice-lord.png	443804	ce969e90f28159289be5706c547a18894e4dddba	
info_portrait	art/v2-style/ui/info-portraits/ice-princess.png	461271	025cb17b2cf17913a4687eaf3ac50f81e0d42b60	EXACT	assets/battle/ui/info-portraits/ice-princess.png	461271	025cb17b2cf17913a4687eaf3ac50f81e0d42b60	
info_portrait	art/v2-style/ui/info-portraits/kraken.png	454481	86c192ce1d1f2e089e65f6d63f6b8a4a6635fad9	EXACT	assets/battle/ui/info-portraits/kraken.png	454481	86c192ce1d1f2e089e65f6d63f6b8a4a6635fad9	
info_portrait	art/v2-style/ui/info-portraits/medusa.png	454391	da5e92907a45ad024a765e41ffd45722ffb13f8f	EXACT	assets/battle/ui/info-portraits/medusa.png	454391	da5e92907a45ad024a765e41ffd45722ffb13f8f	
info_portrait	art/v2-style/ui/info-portraits/mimic.png	491993	4c6a19aee74b868215734e0d9bf80054fa2f6c79	EXACT	assets/battle/ui/info-portraits/mimic.png	491993	4c6a19aee74b868215734e0d9bf80054fa2f6c79	
info_portrait	art/v2-style/ui/info-portraits/minotaur.png	472579	f4c5b7f4e6fd94cf600ab00535ce8dc73fdd9d60	EXACT	assets/battle/ui/info-portraits/minotaur.png	472579	f4c5b7f4e6fd94cf600ab00535ce8dc73fdd9d60	
info_portrait	art/v2-style/ui/info-portraits/mummy-guardian.png	411880	4b73425bef5c3c353cda4b645ddc0d16c6545faf	EXACT	assets/battle/ui/info-portraits/mummy-guardian.png	411880	4b73425bef5c3c353cda4b645ddc0d16c6545faf	
info_portrait	art/v2-style/ui/info-portraits/mushroom-soldier.png	432022	696772f823e276a2459f685a6b354f6a82f2b659	EXACT	assets/battle/ui/info-portraits/mushroom-soldier.png	432022	696772f823e276a2459f685a6b354f6a82f2b659	
info_portrait	art/v2-style/ui/info-portraits/orc-warrior.png	419477	5c163d4e51ba05633a0d8a9dffcc7752dfe0aedd	EXACT	assets/battle/ui/info-portraits/orc-warrior.png	419477	5c163d4e51ba05633a0d8a9dffcc7752dfe0aedd	
info_portrait	art/v2-style/ui/info-portraits/plague-doctor.png	406331	91f916d58290146ace05c1c6bed5b0f69bae0072	EXACT	assets/battle/ui/info-portraits/plague-doctor.png	406331	91f916d58290146ace05c1c6bed5b0f69bae0072	
info_portrait	art/v2-style/ui/info-portraits/plague-frog.png	415805	628f3d1d6dc6a83e989114fd320658a94654f122	EXACT	assets/battle/ui/info-portraits/plague-frog.png	415805	628f3d1d6dc6a83e989114fd320658a94654f122	
info_portrait	art/v2-style/ui/info-portraits/raging-treant.png	451731	40519cd5241402df46def1889af455640f23c5bb	EXACT	assets/battle/ui/info-portraits/raging-treant.png	451731	40519cd5241402df46def1889af455640f23c5bb	
info_portrait	art/v2-style/ui/info-portraits/scorpion-knight.png	418570	b4a2fc6e2c97bf17aec1f4d788c3e1f0a8dc82a9	EXACT	assets/battle/ui/info-portraits/scorpion-knight.png	418570	b4a2fc6e2c97bf17aec1f4d788c3e1f0a8dc82a9	
info_portrait	art/v2-style/ui/info-portraits/sea-wolf.png	450246	9598d5ac0325045efdacf7b178aba1af47864ef0	EXACT	assets/battle/ui/info-portraits/sea-wolf.png	450246	9598d5ac0325045efdacf7b178aba1af47864ef0	
info_portrait	art/v2-style/ui/info-portraits/siren.png	462583	8e7f08eefeae9c72d42e956df17d1a7205d5d576	EXACT	assets/battle/ui/info-portraits/siren.png	462583	8e7f08eefeae9c72d42e956df17d1a7205d5d576	
info_portrait	art/v2-style/ui/info-portraits/skeleton-archer.png	434507	b9dd605c21f82d4901cdb51c015ff18ee27f732c	EXACT	assets/battle/ui/info-portraits/skeleton-archer.png	434507	b9dd605c21f82d4901cdb51c015ff18ee27f732c	
info_portrait	art/v2-style/ui/info-portraits/skeleton-cavalry.png	440177	12467b1ac7db77e597d9368f3824163eb7bbcfd6	EXACT	assets/battle/ui/info-portraits/skeleton-cavalry.png	440177	12467b1ac7db77e597d9368f3824163eb7bbcfd6	
info_portrait	art/v2-style/ui/info-portraits/skeleton-spear.png	387502	5cc31ee3c859c617f28f0f6ce43d928e93a05bfb	EXACT	assets/battle/ui/info-portraits/skeleton-spear.png	387502	5cc31ee3c859c617f28f0f6ce43d928e93a05bfb	
info_portrait	art/v2-style/ui/info-portraits/soul-reaper.png	415329	ac6fd72a8db78e156286eff6754554fe7849e0c1	EXACT	assets/battle/ui/info-portraits/soul-reaper.png	415329	ac6fd72a8db78e156286eff6754554fe7849e0c1	
info_portrait	art/v2-style/ui/info-portraits/spider-knight.png	419118	00d3dcc3fbdb7faf333a9667770d1e196f05b9c1	EXACT	assets/battle/ui/info-portraits/spider-knight.png	419118	00d3dcc3fbdb7faf333a9667770d1e196f05b9c1	
info_portrait	art/v2-style/ui/info-portraits/spiderling.png	423131	ab19e28c92d87f746de7fc4930918c19b3e833c7	EXACT	assets/battle/ui/info-portraits/spiderling.png	423131	ab19e28c92d87f746de7fc4930918c19b3e833c7	
info_portrait	art/v2-style/ui/info-portraits/stone-golem.png	457599	b4513841b28537fb9eb8d91bb45dbea63b5b08fc	EXACT	assets/battle/ui/info-portraits/stone-golem.png	457599	b4513841b28537fb9eb8d91bb45dbea63b5b08fc	
info_portrait	art/v2-style/ui/info-portraits/yeti.png	430716	5ba2eadad5dc2d3cf8474ae21e6cf1502be872e6	EXACT	assets/battle/ui/info-portraits/yeti.png	430716	5ba2eadad5dc2d3cf8474ae21e6cf1502be872e6	
audio	assets/music/battle.mp3	4337595	8fbd7157c728bf662589c6c56030e551eb240392	EXACT	assets/battle/music/battle.mp3	4337595	8fbd7157c728bf662589c6c56030e551eb240392	바이트 SHA 동일.
audio	assets/music/map-board.mp3	3878049	ca06351165a2e6499324ee716f22bab693054649	EXACT	assets/map/music/map_board.mp3	3878049	ca06351165a2e6499324ee716f22bab693054649	바이트 SHA 동일.
audio	assets/sfx/arrow.ogg	15532	86338431259517417132d9b1aaa28eb9a9f36d95	EXACT	assets/battle/sfx/arrow.ogg	15532	86338431259517417132d9b1aaa28eb9a9f36d95	바이트 SHA 동일.
audio	assets/sfx/attack.ogg	17776	09f866a8c8ef82c1b8cb68bceba403e3e6bc450a	EXACT	assets/battle/sfx/attack.ogg	17776	09f866a8c8ef82c1b8cb68bceba403e3e6bc450a	바이트 SHA 동일.
audio	assets/sfx/book-cards-open.mp3	23808	5491b0160564dfb6a2e0eedae43f4c1ee934245b	EXACT	assets/battle/sfx/book-cards-open.mp3	23808	5491b0160564dfb6a2e0eedae43f4c1ee934245b	바이트 SHA 동일.
audio	assets/sfx/claw.ogg	15184	8a02505a07a67428b272ecd36dd64e0a234d3b1c	EXACT	assets/battle/sfx/claw.ogg	15184	8a02505a07a67428b272ecd36dd64e0a234d3b1c	바이트 SHA 동일.
audio	assets/sfx/death.ogg	15883	9d2927e19504969007f4b852ccd4bc11383fc23d	EXACT	assets/battle/sfx/death.ogg	15883	9d2927e19504969007f4b852ccd4bc11383fc23d	바이트 SHA 동일.
audio	assets/sfx/dice-land.ogg	20176	95665cf36af5f4cfd055a87eb649c8d5d3bd7e25	EXACT	assets/battle/sfx/dice-land.ogg	20176	95665cf36af5f4cfd055a87eb649c8d5d3bd7e25	바이트 SHA 동일.
audio	assets/sfx/dice-tick.ogg	15303	e90cb79ffc1e86f307ba8235d620ddcb864d61cb	EXACT	assets/battle/sfx/dice-tick.ogg	15303	e90cb79ffc1e86f307ba8235d620ddcb864d61cb	바이트 SHA 동일.
audio	assets/sfx/freeze.ogg	28423	e76d8f0e9dd8dd6edd6f9c793a53cbc30b97009c	EXACT	assets/battle/sfx/freeze.ogg	28423	e76d8f0e9dd8dd6edd6f9c793a53cbc30b97009c	바이트 SHA 동일.
audio	assets/sfx/heavy.ogg	26586	baa667f8879df24e02922a34f46042f47ff3b3c9	EXACT	assets/battle/sfx/heavy.ogg	26586	baa667f8879df24e02922a34f46042f47ff3b3c9	바이트 SHA 동일.
audio	assets/sfx/hit.ogg	17185	b283cd78912a3d52489ba73c580b8d7e595dd04f	EXACT	assets/battle/sfx/hit.ogg	17185	b283cd78912a3d52489ba73c580b8d7e595dd04f	바이트 SHA 동일.
audio	assets/sfx/magic.ogg	29121	82415d3c9ca02469e891f2194ff8edb0702df504	EXACT	assets/battle/sfx/magic.ogg	29121	82415d3c9ca02469e891f2194ff8edb0702df504	바이트 SHA 동일.
audio	assets/sfx/move.ogg	10559	32ec6265fc61f1aa323ae94c4b6c5b77f39f46f2	EXACT	assets/battle/sfx/move.ogg	10559	32ec6265fc61f1aa323ae94c4b6c5b77f39f46f2	바이트 SHA 동일.
audio	assets/sfx/poison.ogg	35232	f000f7b7c7dbf31397272623c5041a55fa168abc	EXACT	assets/battle/sfx/poison.ogg	35232	f000f7b7c7dbf31397272623c5041a55fa168abc	바이트 SHA 동일.
audio	assets/sfx/summon.ogg	71801	21800430a87c4a9b017eb0a554cdecbb9bace282	EXACT	assets/battle/sfx/summon.ogg	71801	21800430a87c4a9b017eb0a554cdecbb9bace282	바이트 SHA 동일.
audio	assets/sfx/treasure-chest-open.mp3	65280	015e88444d2e0e57dabb70e16ecc5721a43621e9	EXACT	assets/battle/sfx/treasure-chest-open.mp3	65280	015e88444d2e0e57dabb70e16ecc5721a43621e9	바이트 SHA 동일.
audio	assets/sfx/ui.ogg	13615	1a9ee4bd7384ab493b89df0ff10ee142959490be	EXACT	assets/battle/sfx/ui.ogg	13615	1a9ee4bd7384ab493b89df0ff10ee142959490be	바이트 SHA 동일.
audio	assets/sfx/victory.ogg	14690	dc8b03d8d55df3f258774dc0cbbd8f98a133bb90	EXACT	assets/battle/sfx/victory.ogg	14690	dc8b03d8d55df3f258774dc0cbbd8f98a133bb90	바이트 SHA 동일.
audio	assets/title/title-theme.mp3	816970	68fa42d386482ee03e3b743cc510d89e94784415	MISSING_REQUIRED				타이틀 오디오 기능 W005와 함께 미이식.
intro_asset	art/v2-style/event-portraits/necromancer.png	2334	a6c0e148e5e0195404a6540a4ac48a0edeb667b0	REPLACED	assets/intro/necromancer.webp	30048	c707c93a5ca3feeca9a51c7baa1fd2252ea58970	웹 저해상도/청크 방식 대신 Godot용 인트로 이미지로 교체.
intro_asset	art/v2-style/event-portraits/knight-commander.png	1493	4dedb4f2c5466e8b5181d67b208f41cbb144bc1a	REPLACED	assets/intro/knight_commander.webp	263024	7710370f7462cf12da98f9721b054500d5b43c4e	웹 저해상도/청크 방식 대신 Godot용 인트로 이미지로 교체.
intro_asset	art/v2-style/ui/intro-dialogue-box.webp	12000	3bab039aa347faa7546e213de941213dd8cade8d	REPLACED	assets/intro/dialogue_frame.webp	90166	948739b01ed1275f701cca0837f78634e7014c0b	Godot 인트로 대화 프레임으로 교체.
title_asset	assets/title/continue.webp	53760	ac92ad53bf05c5a86b13a27828e7d821301b7a33	REPLACED	assets/title/cemetery/01_sky.webp	334362	aabac4292032d18dc3398b9eefb4be1aed2917c5	웹 영상/이미지 타이틀을 Godot 레이어드 묘지 타이틀 + 네이티브 버튼/텍스트로 교체. 개별 1:1 파일은 유지하지 않음.
title_asset	assets/title/exit.webp	35270	347defa8c1dd7c811610d6b78a34ffac04b496e1	REPLACED	assets/title/cemetery/01_sky.webp	334362	aabac4292032d18dc3398b9eefb4be1aed2917c5	웹 영상/이미지 타이틀을 Godot 레이어드 묘지 타이틀 + 네이티브 버튼/텍스트로 교체. 개별 1:1 파일은 유지하지 않음.
title_asset	assets/title/new-game.webp	51588	49b203f88073f6f8feb896f1332aac40d07a6d25	REPLACED	assets/title/cemetery/01_sky.webp	334362	aabac4292032d18dc3398b9eefb4be1aed2917c5	웹 영상/이미지 타이틀을 Godot 레이어드 묘지 타이틀 + 네이티브 버튼/텍스트로 교체. 개별 1:1 파일은 유지하지 않음.
title_asset	assets/title/options.webp	51868	ba2b138162a9d7d983602502e11a0eb51e174e67	REPLACED	assets/title/cemetery/01_sky.webp	334362	aabac4292032d18dc3398b9eefb4be1aed2917c5	웹 영상/이미지 타이틀을 Godot 레이어드 묘지 타이틀 + 네이티브 버튼/텍스트로 교체. 개별 1:1 파일은 유지하지 않음.
title_asset	assets/title/title-logo.webp	104784	f85b4391ff08be6f83865458b2c2b2597c27dbac	REPLACED	assets/title/cemetery/01_sky.webp	334362	aabac4292032d18dc3398b9eefb4be1aed2917c5	웹 영상/이미지 타이틀을 Godot 레이어드 묘지 타이틀 + 네이티브 버튼/텍스트로 교체. 개별 1:1 파일은 유지하지 않음.
title_asset	assets/title/title-loop.mp4	583046	355c06c9038f274328c8fcae8a3a597962210ec8	REPLACED	assets/title/cemetery/01_sky.webp	334362	aabac4292032d18dc3398b9eefb4be1aed2917c5	웹 영상/이미지 타이틀을 Godot 레이어드 묘지 타이틀 + 네이티브 버튼/텍스트로 교체. 개별 1:1 파일은 유지하지 않음.
story_event_asset	art/v2-style/map-test/events/graveyard-child-base-v3.webp	617608	e335d6fe4fe0eeba7792385b882873a1d9e6c52f	MISSING_WITH_UNPORTED_STORY				웹 사건 런타임이 참조하는 필수 사건 원화. Godot 사건 체인과 함께 이식 필요.
story_event_asset	art/v2-style/map-test/events/graveyard-child-ghoul-event-v3.webp	26342	6942427000cb83bb2ccd7d6eba7a4f181d4bda62	MISSING_WITH_UNPORTED_STORY				웹 사건 런타임이 참조하는 필수 사건 원화. Godot 사건 체인과 함께 이식 필요.
story_event_asset	art/v2-style/map-test/events/rumor-village-base.webp	639334	fb208a65342ad4a98a6736d4083e60abd59bc5bd	MISSING_WITH_UNPORTED_STORY				웹 사건 런타임이 참조하는 필수 사건 원화. Godot 사건 체인과 함께 이식 필요.
story_event_asset	art/v2-style/map-test/events/rumor-villagers-whisper.webp	620868	01ea6bc1396c2f3653754df562eae5f4a8fecc3a	MISSING_WITH_UNPORTED_STORY				웹 사건 런타임이 참조하는 필수 사건 원화. Godot 사건 체인과 함께 이식 필요.
story_event_asset	art/v2-style/map-test/events/rumor-villagers-turn.webp	464636	1728dce680507950888b51a09fea24395d5f2518	MISSING_WITH_UNPORTED_STORY				웹 사건 런타임이 참조하는 필수 사건 원화. Godot 사건 체인과 함께 이식 필요.
story_event_asset	art/v2-style/map-test/events/rumor-necromancer.webp	504464	3571628a5ac10d8c5321b8a59f2ece5c4cd4d56f	MISSING_WITH_UNPORTED_STORY				웹 사건 런타임이 참조하는 필수 사건 원화. Godot 사건 체인과 함께 이식 필요.
story_event_asset	art/v2-style/map-test/events/knight-commander-village-day.webp	749340	d1ef0271cd81f9da88f8ae4b3987f3a798e27290	MISSING_WITH_UNPORTED_STORY				웹 사건 런타임이 참조하는 필수 사건 원화. Godot 사건 체인과 함께 이식 필요.
story_event_asset	art/v2-style/map-test/events/monster-hunter-worldtree-base.webp	895278	fcc1e031d0d091808c793acefabc652579604b9f	MISSING_WITH_UNPORTED_STORY				웹 사건 런타임이 참조하는 필수 사건 원화. Godot 사건 체인과 함께 이식 필요.
story_event_asset	art/v2-style/map-test/events/monster-hunter-corrupted-beast-scene.webp	804170	125187394b539989686a15262cb08848406d5ae1	MISSING_WITH_UNPORTED_STORY				웹 사건 런타임이 참조하는 필수 사건 원화. Godot 사건 체인과 함께 이식 필요.
story_event_asset	art/v2-style/map-test/events/cultist-rumor-procession.webp	684648	4555a1d63ba850a8811b595e53eb7a70356034b9	MISSING_WITH_UNPORTED_STORY				웹 사건 런타임이 참조하는 필수 사건 원화. Godot 사건 체인과 함께 이식 필요.
story_event_asset	art/v2-style/map-test/events/cultist-altar-night-base.webp	631428	0c8d0a85cdbd46754d105c728d98e1a46683400a	MISSING_WITH_UNPORTED_STORY				웹 사건 런타임이 참조하는 필수 사건 원화. Godot 사건 체인과 함께 이식 필요.
story_event_asset	art/v2-style/map-test/events/cultist-altar-ritual-layer.webp	649792	61de4bd0a4d39ac0935a6eb92d138ef1a2665ac6	MISSING_WITH_UNPORTED_STORY				웹 사건 런타임이 참조하는 필수 사건 원화. Godot 사건 체인과 함께 이식 필요.
story_event_asset	art/v2-style/map-test/events/cultist-altar-summon-layer.webp	744410	0a7421ee88ca9b7ab7d878658ba44d3ccaa64cf6	MISSING_WITH_UNPORTED_STORY				웹 사건 런타임이 참조하는 필수 사건 원화. Godot 사건 체인과 함께 이식 필요.
story_event_asset	art/v2-style/map-test/events/ritual-portal-ruins-base.webp	710788	cd96ca140895c310391bb98183d938cb338e1340	MISSING_WITH_UNPORTED_STORY				웹 사건 런타임이 참조하는 필수 사건 원화. Godot 사건 체인과 함께 이식 필요.
story_event_asset	art/v2-style/map-test/events/ritual-portal-energy-layer.webp	627950	74fc6685b1b8a4936d92e82144b43911688fc7fd	MISSING_WITH_UNPORTED_STORY				웹 사건 런타임이 참조하는 필수 사건 원화. Godot 사건 체인과 함께 이식 필요.
story_event_asset	art/v2-style/map-test/events/ritual-portal-cultists-layer.webp	721538	b523f9846221e6c8bd974de7da9452f5b27dad1e	MISSING_WITH_UNPORTED_STORY				웹 사건 런타임이 참조하는 필수 사건 원화. Godot 사건 체인과 함께 이식 필요.
story_event_asset	art/v2-style/map-test/events/ritual-portal-omen-layer.webp	693740	2ca0f16de008aac924c11a15ff2475e9b40717dc	MISSING_WITH_UNPORTED_STORY				웹 사건 런타임이 참조하는 필수 사건 원화. Godot 사건 체인과 함께 이식 필요.
story_event_asset	art/v2-style/event-portraits/monster-hunter-pen-clean.webp	66522	da119b394f65919ac96e746796ac332984b98d1f	MISSING_WITH_UNPORTED_STORY				웹 사건 런타임이 참조하는 인물 레이어/폴백. 사건 이식 시 필요.
story_event_asset	art/v2-style/event-portraits/knight-commander-upperbody-hd.webp	15009	e54f787b10fb6cb43f405fd0924298f06c21082e	MISSING_WITH_UNPORTED_STORY				웹 사건 런타임이 참조하는 인물 레이어/폴백. 사건 이식 시 필요.
story_event_asset	art/v2-style/event-portraits/necromancer-upperbody-hd.webp	15008	5879d8ad9661bf5777e4aa895710e9d047114598	MISSING_WITH_UNPORTED_STORY				웹 사건 런타임이 참조하는 인물 레이어/폴백. 사건 이식 시 필요.
story_event_asset	art/v2-style/ui/graveyard-choice-parchment.webp	14756	4e45ec7de2ba76dfaa8e76ea3565f20069efe1eb	MISSING_WITH_UNPORTED_STORY				공동묘지/사건 선택 UI 원본. Godot 사건 UI 구현 시 복사 또는 네이티브 대체 필요.
ui_replacement	art/v2-style/ui/map-cloud-transition.png	11818	e7cad1e6394197a27d17f933f8010e3369aeb71d	REPLACED	assets/map/ui/map_cloud_transition.png	8550	d10dcadffda9a4758314b54fc830011c1b9348d3	손상된 웹 구름 변형 대신 Godot 단일 정상 텍스처로 대체.
ui_replacement	art/v2-style/ui/map-cloud-transition-2.png	8313	503e4f2b647b51e46834a303e0484082aee459d3	REPLACED	assets/map/ui/map_cloud_transition.png	8550	d10dcadffda9a4758314b54fc830011c1b9348d3	단일 정상 구름 텍스처 재사용.
ui_replacement	art/v2-style/ui/map-cloud-transition-3.png	8550	d10dcadffda9a4758314b54fc830011c1b9348d3	EXACT_RENAMED	assets/map/ui/map_cloud_transition.png	8550	d10dcadffda9a4758314b54fc830011c1b9348d3	단일 정상 구름 텍스처 재사용.
ui_replacement	art/v2-style/ui/map-cloud-transition-4.png	7875	d2f8ba62c1e48306e5a2d37d6e18fe0a7f311518	REPLACED	assets/map/ui/map_cloud_transition.png	8550	d10dcadffda9a4758314b54fc830011c1b9348d3	단일 정상 구름 텍스처 재사용.
ui_replacement	art/v2-style/ui/parchment-button-variant-01.png	13857	21fefebeb11f44390bb741bb8ce260ac4ce7f807	EXACT_RENAMED	assets/map/ui/parchment_button_variant_01.png	13857	21fefebeb11f44390bb741bb8ce260ac4ce7f807	Godot용 최적화/이름 변경.
ui_replacement	art/v2-style/ui/parchment-button-variant-02.png	2803	208358cdb3a529f537cc29723271d8c029b00719	EXACT_RENAMED	assets/map/ui/parchment_button_variant_02.png	2803	208358cdb3a529f537cc29723271d8c029b00719	Godot용 최적화/이름 변경.
ui_replacement	art/v2-style/ui/parchment-button-variant-03.png	2857	5b16f18ea9c5e1020cfc24f487db2fbe68ec1f22	EXACT_RENAMED	assets/map/ui/parchment_button_variant_03.png	2857	5b16f18ea9c5e1020cfc24f487db2fbe68ec1f22	Godot용 최적화/이름 변경.
ui_replacement	art/v2-style/ui/parchment-button-variant-04.png	2534	b9627056624022c7f6f654be08b8eac3bf17f566	EXACT_RENAMED	assets/map/ui/parchment_button_variant_04.png	2534	b9627056624022c7f6f654be08b8eac3bf17f566	Godot용 최적화/이름 변경.
ui_replacement	art/v2-style/ui/map-options-button.webp	7506	2c1d432c6e6e47b3ce692c1f6f43d4f8c1be9f55	REPLACED	assets/map/ui/map_audio_options.webp	12038	517db847cf1af3ef19e686855745bcf5f182e8ed	Godot 오디오 옵션 UI로 교체.
ui_replacement	art/v2-style/ui/legion-info-window-hd-clean.webp	46706	eeb6e0029614dbec9653ab8ab47e6373dc16ee18	EXACT_RENAMED	assets/map/ui/inheritance_info.webp	46706	eeb6e0029614dbec9653ab8ab47e6373dc16ee18	동일 바이트를 다른 용도 경로로 보존.
dev_only_asset	art/v2-style/map-test/diorama/forest-tree-atlas.webp	152498	a5b6df060e30435b3a0792271bcb74baa5a11c17	DISCARD_DEV_ONLY				웹 디오라마 편집/테스트 도구용. W217 폐기.
dev_only_asset	art/v2-style/map-test/diorama/graveyard/graveyard-atlas.webp	246930	369574250f60dca8f38bd196e2067a6613697ffa	DISCARD_DEV_ONLY				웹 디오라마 편집/테스트 도구용. W217 폐기.
dev_only_asset	art/v2-style/map-test/diorama/stone-tile-wall-user.webp	11361	fea8676cd4e0640b712e71d9744c9a047eda4389	DISCARD_DEV_ONLY				웹 디오라마 편집/테스트 도구용. W217 폐기.
dev_only_asset	art/v2-style/map-test/diorama/village-building-01.webp	7485	85a4c98c84a5343805cbcd550c7bf8da124286cb	DISCARD_DEV_ONLY				웹 디오라마 편집/테스트 도구용. W217 폐기.
dev_only_asset	art/v2-style/map-test/diorama/village-building-02.webp	12434	8302c81055533c42c9332f86206fc3941119bebe	DISCARD_DEV_ONLY				웹 디오라마 편집/테스트 도구용. W217 폐기.
dev_only_asset	art/v2-style/map-test/diorama/village-building-03.webp	12460	3119aafaa3eb008040a74d08074606972f487ef2	DISCARD_DEV_ONLY				웹 디오라마 편집/테스트 도구용. W217 폐기.
dev_only_asset	art/v2-style/map-test/diorama/village-building-04.webp	11596	9e40d25fde9e2fde8b4e0eee94968e266ed1727b	DISCARD_DEV_ONLY				웹 디오라마 편집/테스트 도구용. W217 폐기.
dev_only_asset	art/v2-style/map-test/diorama/village-building-05.webp	14240	f35e2c593ba473af2d1ab98dc733506094fc10b8	DISCARD_DEV_ONLY				웹 디오라마 편집/테스트 도구용. W217 폐기.
dev_only_asset	art/v2-style/map-test/diorama/village-building-06.webp	13052	f454c49e8f7c70e612acde8287e6dd40fb84dd18	DISCARD_DEV_ONLY				웹 디오라마 편집/테스트 도구용. W217 폐기.
dev_only_asset	art/v2-style/map-test/diorama/village-buildings-test.webp	14997	e3cac44132269f984dbd80f1e51b59c0b46176c9	DISCARD_DEV_ONLY				웹 디오라마 편집/테스트 도구용. W217 폐기.
web_alt_asset	art/v2-style/ui/dice-control-1.png	2090645	44f017221e1c98f08417ba2358ed73d0c2efa21b	DISCARD_WEB_ALT				한국어 카드가 실제 제품 기준이므로 비한국어 중복 카드 원화는 이식하지 않음.
web_alt_asset	art/v2-style/ui/dice-control-2.png	2292136	8b3c3e2795aef019b793404843f751c77f82c38b	DISCARD_WEB_ALT				한국어 카드가 실제 제품 기준이므로 비한국어 중복 카드 원화는 이식하지 않음.
web_alt_asset	art/v2-style/ui/dice-control-3.png	2148359	9f58909bb9e683ecb6fbdfef9ff9fd022c4f6f35	DISCARD_WEB_ALT				한국어 카드가 실제 제품 기준이므로 비한국어 중복 카드 원화는 이식하지 않음.
web_alt_asset	art/v2-style/ui/dice-control-4.png	2349721	5d531b4abad7c26eaa14343cfe9cf2a4fe783d3e	DISCARD_WEB_ALT				한국어 카드가 실제 제품 기준이므로 비한국어 중복 카드 원화는 이식하지 않음.
web_alt_asset	art/v2-style/ui/dice-control-5.png	2234148	f3bb76a245a6d715dda1c6c64037dec50a5d1551	DISCARD_WEB_ALT				한국어 카드가 실제 제품 기준이므로 비한국어 중복 카드 원화는 이식하지 않음.
web_alt_asset	art/v2-style/ui/dice-control-6.png	2020002	dee752ea39112ad8d9bd8680f5161f9b3d1ce42b	DISCARD_WEB_ALT				한국어 카드가 실제 제품 기준이므로 비한국어 중복 카드 원화는 이식하지 않음.
web_alt_asset	art/v2-style/ui/dice-control-echo.png	2445006	1d63d8b0e920f22d808ca07ab4c4aa0a469ac2e6	DISCARD_WEB_ALT				한국어 카드가 실제 제품 기준이므로 비한국어 중복 카드 원화는 이식하지 않음.
web_alt_asset	art/v2-style/ui/dice-control-even.png	2348551	0bdc19b800bc3d4c58e246c16ecf9256070a7a5a	DISCARD_WEB_ALT				한국어 카드가 실제 제품 기준이므로 비한국어 중복 카드 원화는 이식하지 않음.
web_alt_asset	art/v2-style/ui/dice-control-exclude-1.png	2408361	aa07454ef6c0353eb839d1445d308622fe5fbb80	DISCARD_WEB_ALT				한국어 카드가 실제 제품 기준이므로 비한국어 중복 카드 원화는 이식하지 않음.
web_alt_asset	art/v2-style/ui/dice-control-exclude-2.png	2236663	fb97ef88d44c72f2c4e7e99d24b19da0ac7f58cd	DISCARD_WEB_ALT				한국어 카드가 실제 제품 기준이므로 비한국어 중복 카드 원화는 이식하지 않음.
web_alt_asset	art/v2-style/ui/dice-control-exclude-3.png	2439870	f3cab66b4860ab75f08340b5b8c928bef5bb2dc9	DISCARD_WEB_ALT				한국어 카드가 실제 제품 기준이므로 비한국어 중복 카드 원화는 이식하지 않음.
web_alt_asset	art/v2-style/ui/dice-control-exclude-4.png	2407982	28be2cb13d7fe3f4fe57a026e7ad0ddf8cbdd8b6	DISCARD_WEB_ALT				한국어 카드가 실제 제품 기준이므로 비한국어 중복 카드 원화는 이식하지 않음.
web_alt_asset	art/v2-style/ui/dice-control-exclude-5.png	2298792	be6c8f4c750f67f291757aaad632190abd72b35a	DISCARD_WEB_ALT				한국어 카드가 실제 제품 기준이므로 비한국어 중복 카드 원화는 이식하지 않음.
web_alt_asset	art/v2-style/ui/dice-control-exclude-6.png	2457380	1cb379cff9fabe548c53091a3871871283da65e0	DISCARD_WEB_ALT				한국어 카드가 실제 제품 기준이므로 비한국어 중복 카드 원화는 이식하지 않음.
web_alt_asset	art/v2-style/ui/dice-control-high.png	2466276	c5fe7f8bee2fdff6812450eb3bfbc1f62a357f6d	DISCARD_WEB_ALT				한국어 카드가 실제 제품 기준이므로 비한국어 중복 카드 원화는 이식하지 않음.
web_alt_asset	art/v2-style/ui/dice-control-low.png	2432474	27aa7eabb1686583787ce075aec5357dd5d24385	DISCARD_WEB_ALT				한국어 카드가 실제 제품 기준이므로 비한국어 중복 카드 원화는 이식하지 않음.
web_alt_asset	art/v2-style/ui/dice-control-odd.png	2370464	b0a245d58df1700448670a3d89d9a1d339336f18	DISCARD_WEB_ALT				한국어 카드가 실제 제품 기준이므로 비한국어 중복 카드 원화는 이식하지 않음.
web_alt_asset	art/v2-style/ui/dice-control-repeat.png	2446760	f6862ed0f322b691b54fbd5becb95070298356a5	DISCARD_WEB_ALT				한국어 카드가 실제 제품 기준이므로 비한국어 중복 카드 원화는 이식하지 않음.